000b059d-4859-4734-a06d-42f2c43e79b4,7e249a64-9f13-47d3-a232-562a3d080198,f0581ffd-b533-5d5d-9da1-02fe91e15b76
000b059d-4859-4734-a06d-42f2c43e79b4,1f983e8a-7db1-4374-8fb1-7e8a432a967e,235c90e8-d604-4666-92cb-7677b11b9842
000b059d-4859-4734-a06d-42f2c43e79b4,1f983e8a-7db1-4374-8fb1-7e8a432a967e,6a4fef6e-eb0e-465a-bdfe-6738cf2a8b33
024708e6-3fd4-438c-8585-b74637b9dd06,7e249a64-9f13-47d3-a232-562a3d080198,544eb710-be7c-5b34-8de7-f16156fbdeca
024708e6-3fd4-438c-8585-b74637b9dd06,1f983e8a-7db1-4374-8fb1-7e8a432a967e,2878273d-20f6-434e-8aa9-99764432fd03
03b7b761-5761-480c-ad6e-caa0948539a3,7e249a64-9f13-47d3-a232-562a3d080198,0165b061-dc7d-5965-826d-03c28475a734
03b7b761-5761-480c-ad6e-caa0948539a3,7d11b956-0014-43be-9a3e-f89e2b31ec4f,634771cd-ca38-47e5-807d-fef99f8ee5d5
03b7b761-5761-480c-ad6e-caa0948539a3,7d11b956-0014-43be-9a3e-f89e2b31ec4f,484c2d9b-be76-4d3d-83d6-2b630c125ef3
04c18886-d1fc-4cc8-8f58-228b2b6686dc,7e249a64-9f13-47d3-a232-562a3d080198,cd298cd6-2208-56bc-83b9-4b16094f8581
04c18886-d1fc-4cc8-8f58-228b2b6686dc,7d11b956-0014-43be-9a3e-f89e2b31ec4f,174249f8-33f8-4998-b81a-bda093659982
04c18886-d1fc-4cc8-8f58-228b2b6686dc,7d11b956-0014-43be-9a3e-f89e2b31ec4f,27cca0db-6a93-4720-881c-1a27a08e8275
04f30767-7c10-47b4-a0c4-526bc846b814,7e249a64-9f13-47d3-a232-562a3d080198,dd82c7b8-4eda-5baf-9837-2622c3f31ddb
04f30767-7c10-47b4-a0c4-526bc846b814,7d11b956-0014-43be-9a3e-f89e2b31ec4f,1075159b-3229-450b-ab71-3e81918f57c2
07d5cfb9-1dc5-41ca-bd9c-a298a16e6767,7e249a64-9f13-47d3-a232-562a3d080198,c8fd011e-1c18-5fc9-93d9-08af2a6fd210
07d5cfb9-1dc5-41ca-bd9c-a298a16e6767,1f983e8a-7db1-4374-8fb1-7e8a432a967e,43ab843d-dfea-473d-bce4-72ff8c9b7e63
07d5cfb9-1dc5-41ca-bd9c-a298a16e6767,1f983e8a-7db1-4374-8fb1-7e8a432a967e,58107227-267a-4f2e-a44a-25bb61c6a455
0868e6c6-20de-4460-a49d-c2e2b6a503a9,7e249a64-9f13-47d3-a232-562a3d080198,18ee863f-a58d-53e9-b291-af77a2bc5301
0868e6c6-20de-4460-a49d-c2e2b6a503a9,7d11b956-0014-43be-9a3e-f89e2b31ec4f,6c668919-a78c-4239-bdc1-95cf53b3ed94
08eef096-5390-4aba-a648-470aba6e3d4e,7e249a64-9f13-47d3-a232-562a3d080198,0203de48-a8e3-5802-8a09-93bc10f75c5f
08eef096-5390-4aba-a648-470aba6e3d4e,7d11b956-0014-43be-9a3e-f89e2b31ec4f,65c798a6-a51f-4bba-872a-a60d49594ec4
08eef096-5390-4aba-a648-470aba6e3d4e,7d11b956-0014-43be-9a3e-f89e2b31ec4f,66f9dfd3-2af7-44ce-8d01-6dbce8558a47
09ff1076-4557-48d3-b4eb-e4db4e8824ca,7e249a64-9f13-47d3-a232-562a3d080198,eab5bcbe-b6de-53d9-b3e1-fdee02a2eaf0
09ff1076-4557-48d3-b4eb-e4db4e8824ca,7d11b956-0014-43be-9a3e-f89e2b31ec4f,fabc65fd-5fe0-4f68-87bb-b4eb93eb2f1b
0b2bf9d2-ded9-498d-b2c4-3131af57b4bf,7e249a64-9f13-47d3-a232-562a3d080198,dad8a1a6-f0e3-5b69-8b04-7a5a9224ab46
0b2bf9d2-ded9-498d-b2c4-3131af57b4bf,7d11b956-0014-43be-9a3e-f89e2b31ec4f,09ff1076-4557-48d3-b4eb-e4db4e8824ca
0ba7da14-df50-47bb-bc53-e06ec699e78f,7e249a64-9f13-47d3-a232-562a3d080198,6cd80687-e40b-5849-a818-1ce4ccc9b254
0ba7da14-df50-47bb-bc53-e06ec699e78f,7d11b956-0014-43be-9a3e-f89e2b31ec4f,66f9dfd3-2af7-44ce-8d01-6dbce8558a47
0ba7da14-df50-47bb-bc53-e06ec699e78f,7d11b956-0014-43be-9a3e-f89e2b31ec4f,e9597740-d4f6-4a71-a820-054eea06547e
0ba7da14-df50-47bb-bc53-e06ec699e78f,7d11b956-0014-43be-9a3e-f89e2b31ec4f,41489e64-4d2e-4bef-b89f-a593cab8febb
0bd0dc56-30f4-44b6-97ce-1ca61d954f97,7e249a64-9f13-47d3-a232-562a3d080198,3abde766-4f3a-550e-8a61-fc63cfb68f7c
0bd0dc56-30f4-44b6-97ce-1ca61d954f97,1f983e8a-7db1-4374-8fb1-7e8a432a967e,07d5cfb9-1dc5-41ca-bd9c-a298a16e6767
0caf53a6-6642-4067-94c4-5d240d307d90,7e249a64-9f13-47d3-a232-562a3d080198,34102f90-aec4-5434-9e5d-9a1910184c99
0caf53a6-6642-4067-94c4-5d240d307d90,7d11b956-0014-43be-9a3e-f89e2b31ec4f,a3dd76af-0812-4317-bb76-a568d9eee416
0caf53a6-6642-4067-94c4-5d240d307d90,7d11b956-0014-43be-9a3e-f89e2b31ec4f,6beb4515-89e8-4bce-9318-77935200f9bb
1075159b-3229-450b-ab71-3e81918f57c2,7e249a64-9f13-47d3-a232-562a3d080198,7565b3ee-d341-5a05-bb77-29192bceb7d2
1075159b-3229-450b-ab71-3e81918f57c2,7d11b956-0014-43be-9a3e-f89e2b31ec4f,bb6f6d3f-1ed1-41ab-942c-6b3667c5da37
130e95f1-ebc4-46f1-90ba-3f9fa21cb77b,7e249a64-9f13-47d3-a232-562a3d080198,5f9589c3-555e-588b-9761-5b468ad3838d
130e95f1-ebc4-46f1-90ba-3f9fa21cb77b,1f983e8a-7db1-4374-8fb1-7e8a432a967e,eb620bb7-652e-45ef-bc04-31f7d7c5ee10
130e95f1-ebc4-46f1-90ba-3f9fa21cb77b,1f983e8a-7db1-4374-8fb1-7e8a432a967e,db723822-93f7-4c1d-8f17-fb094a5c10d9
130e95f1-ebc4-46f1-90ba-3f9fa21cb77b,1f983e8a-7db1-4374-8fb1-7e8a432a967e,486caeee-40d6-487d-ba45-67539e8c37b5
13bebbab-ce5c-4c3b-ac77-66713f303a0a,7e249a64-9f13-47d3-a232-562a3d080198,4f5be012-5cc5-5b96-92db-c38632b45a8b
13bebbab-ce5c-4c3b-ac77-66713f303a0a,1f983e8a-7db1-4374-8fb1-7e8a432a967e,dd8359c4-0a2b-416a-af27-3bcb0551b41a
15def788-5158-403f-8fe0-044bc32db81d,7e249a64-9f13-47d3-a232-562a3d080198,15ee8576-cec2-5abb-91ff-145ad20301ff
15def788-5158-403f-8fe0-044bc32db81d,7d11b956-0014-43be-9a3e-f89e2b31ec4f,998230cf-1822-4000-bd58-9790845f12da
15f2a672-930e-4101-be71-402c2c4ce65e,7e249a64-9f13-47d3-a232-562a3d080198,08eacc33-0f35-5e09-8c15-7d9ade4c0db8
15f2a672-930e-4101-be71-402c2c4ce65e,1f983e8a-7db1-4374-8fb1-7e8a432a967e,57defdea-3306-4304-8e64-34c4c7343e43
1689ecb3-cdfd-4f82-b0c1-302e72489288,7e249a64-9f13-47d3-a232-562a3d080198,3be488e6-7b68-5a8f-8694-8a5b0df6ad28
1689ecb3-cdfd-4f82-b0c1-302e72489288,1f983e8a-7db1-4374-8fb1-7e8a432a967e,f235e2b3-d6d8-4f89-93b3-d13121872563
1689ecb3-cdfd-4f82-b0c1-302e72489288,1f983e8a-7db1-4374-8fb1-7e8a432a967e,5c20e872-fea5-439f-835e-d76e8c8fa356
16b464c6-7a71-4734-88af-9e224b70784b,7e249a64-9f13-47d3-a232-562a3d080198,41396e9d-0b4a-50bd-b3ee-853c0f11e5b8
16b464c6-7a71-4734-88af-9e224b70784b,7d11b956-0014-43be-9a3e-f89e2b31ec4f,c00d4221-b97a-4bdb-8bd6-f7abdcebcc21
16b464c6-7a71-4734-88af-9e224b70784b,7d11b956-0014-43be-9a3e-f89e2b31ec4f,b0432482-12dc-432c-ac56-828da404fb14
16cc47aa-c8b9-42fb-8aa8-caf1b765c3a4,7e249a64-9f13-47d3-a232-562a3d080198,edc389a9-83ae-5510-a1b1-0bd357bcac5f
16cc47aa-c8b9-42fb-8aa8-caf1b765c3a4,7d11b956-0014-43be-9a3e-f89e2b31ec4f,a3dd76af-0812-4317-bb76-a568d9eee416
16cc47aa-c8b9-42fb-8aa8-caf1b765c3a4,7d11b956-0014-43be-9a3e-f89e2b31ec4f,0b2bf9d2-ded9-498d-b2c4-3131af57b4bf
16da19b2-f39c-46cd-afc6-70581ccf048e,7e249a64-9f13-47d3-a232-562a3d080198,35252132-f964-5b66-8068-7e3605a1b19d
16da19b2-f39c-46cd-afc6-70581ccf048e,7d11b956-0014-43be-9a3e-f89e2b31ec4f,1f256de1-3bde-48de-862d-4be2025ec214
16da19b2-f39c-46cd-afc6-70581ccf048e,7d11b956-0014-43be-9a3e-f89e2b31ec4f,03b7b761-5761-480c-ad6e-caa0948539a3
16da19b2-f39c-46cd-afc6-70581ccf048e,7d11b956-0014-43be-9a3e-f89e2b31ec4f,fc91cd5a-97f5-4748-8329-aeed9d1c7966
16e86c86-f67b-41ad-82a4-1e412847ec50,7e249a64-9f13-47d3-a232-562a3d080198,e8adff29-91ee-5d58-970a-a798ba994cc4
16e86c86-f67b-41ad-82a4-1e412847ec50,7d11b956-0014-43be-9a3e-f89e2b31ec4f,1934d6d0-944a-4d15-82fb-1c518cc4caae
174249f8-33f8-4998-b81a-bda093659982,7e249a64-9f13-47d3-a232-562a3d080198,8f50f8cd-dcac-56df-88cf-f7ad1bfb3b79
174249f8-33f8-4998-b81a-bda093659982,7d11b956-0014-43be-9a3e-f89e2b31ec4f,6beb4515-89e8-4bce-9318-77935200f9bb
174249f8-33f8-4998-b81a-bda093659982,7d11b956-0014-43be-9a3e-f89e2b31ec4f,3bb531a7-acb6-4096-b44f-6a0024ec090c
17b9a165-a969-4871-8a7d-2b9b6c7c6168,7e249a64-9f13-47d3-a232-562a3d080198,d88a5d55-9241-57a2-9dca-141a8db9b0bd
17b9a165-a969-4871-8a7d-2b9b6c7c6168,7d11b956-0014-43be-9a3e-f89e2b31ec4f,e9597740-d4f6-4a71-a820-054eea06547e
17b9a165-a969-4871-8a7d-2b9b6c7c6168,7d11b956-0014-43be-9a3e-f89e2b31ec4f,7ddc2bde-e95b-4825-8431-e1a2ad2ef472
17f56403-3bbe-4529-b72e-dc47793983b9,7e249a64-9f13-47d3-a232-562a3d080198,33a625a0-27f8-59e6-9316-14721a88a256
17f56403-3bbe-4529-b72e-dc47793983b9,7d11b956-0014-43be-9a3e-f89e2b31ec4f,a6fa4ee6-34d4-4a7c-9f52-d9df85cc5985
1934d6d0-944a-4d15-82fb-1c518cc4caae,7e249a64-9f13-47d3-a232-562a3d080198,979efdc5-550b-5a6f-8cd7-d50b0612ff62
1934d6d0-944a-4d15-82fb-1c518cc4caae,7d11b956-0014-43be-9a3e-f89e2b31ec4f,6c920aab-70be-4cc5-a1a7-393f638ea5d2
1934d6d0-944a-4d15-82fb-1c518cc4caae,7d11b956-0014-43be-9a3e-f89e2b31ec4f,69db834e-6958-4a1b-b6b8-363be1a94261
1c0d0bb2-63ad-4697-98e8-37586bb10dfe,7e249a64-9f13-47d3-a232-562a3d080198,6009ce7d-5dae-5a42-a4a1-f0f2b1eacca1
1c0d0bb2-63ad-4697-98e8-37586bb10dfe,1f983e8a-7db1-4374-8fb1-7e8a432a967e,e5ec5d9e-afea-44f7-93c9-699cd5072d90
1c59d6d4-6324-4f82-92d5-61e4cf5e8d08,7e249a64-9f13-47d3-a232-562a3d080198,35850982-e46a-5483-9264-6bec5c040c9c
1c59d6d4-6324-4f82-92d5-61e4cf5e8d08,7d11b956-0014-43be-9a3e-f89e2b31ec4f,6ed91d58-3c29-484d-b7b2-2c9b7ad3d414
1c59d6d4-6324-4f82-92d5-61e4cf5e8d08,7d11b956-0014-43be-9a3e-f89e2b31ec4f,cd887fc6-ed0f-418f-b209-8a20d04f2d16
1c59d6d4-6324-4f82-92d5-61e4cf5e8d08,7d11b956-0014-43be-9a3e-f89e2b31ec4f,0ba7da14-df50-47bb-bc53-e06ec699e78f
1d81fb63-17e1-4f37-a2f6-3fb0c11b36c2,7e249a64-9f13-47d3-a232-562a3d080198,40f27b1d-ab69-5ebf-b93e-e6d9f56d8f0c
1d81fb63-17e1-4f37-a2f6-3fb0c11b36c2,1f983e8a-7db1-4374-8fb1-7e8a432a967e,f9cb048d-a2f7-4ff6-b824-c59b44e2aabe
1f176e62-4a10-477e-8e55-ea36ed8b9777,7e249a64-9f13-47d3-a232-562a3d080198,db15bc96-e940-5193-8dc8-3479a7bf5562
1f176e62-4a10-477e-8e55-ea36ed8b9777,7d11b956-0014-43be-9a3e-f89e2b31ec4f,ba210fe2-cb0d-4c39-b0a2-84ea734af444
1f256de1-3bde-48de-862d-4be2025ec214,7e249a64-9f13-47d3-a232-562a3d080198,dca4fb0a-0b4e-5987-aa9a-3dd2c27cf8aa
1f256de1-3bde-48de-862d-4be2025ec214,7d11b956-0014-43be-9a3e-f89e2b31ec4f,484c2d9b-be76-4d3d-83d6-2b630c125ef3
1f256de1-3bde-48de-862d-4be2025ec214,7d11b956-0014-43be-9a3e-f89e2b31ec4f,c904af87-8122-4e94-a39a-ca9ca79b0ca1
20a6c495-a478-4b18-83b1-ab97ef909665,7e249a64-9f13-47d3-a232-562a3d080198,d08754c0-1e6a-5794-8d3c-7cbf82cfb1a0
20a6c495-a478-4b18-83b1-ab97ef909665,1f983e8a-7db1-4374-8fb1-7e8a432a967e,2ebbbc2c-8859-4909-8fb3-55545467642d
20a6c495-a478-4b18-83b1-ab97ef909665,1f983e8a-7db1-4374-8fb1-7e8a432a967e,3e972910-5f22-4cd0-9de1-7c7af0925660
20a6c495-a478-4b18-83b1-ab97ef909665,1f983e8a-7db1-4374-8fb1-7e8a432a967e,7be2a6bd-cdd1-4730-a1a5-3540aae7f139
20b38aa3-b4bb-4435-8eef-688ced81e195,7e249a64-9f13-47d3-a232-562a3d080198,fd7be0f2-6e22-57d4-8978-ee6020312c91
20b38aa3-b4bb-4435-8eef-688ced81e195,1f983e8a-7db1-4374-8fb1-7e8a432a967e,6ad0921a-5bbf-4d36-98e0-64ab8a11ba70
21c1fe82-1b48-46b3-8df8-6bddcbb2d92e,7e249a64-9f13-47d3-a232-562a3d080198,4a9c35d9-d2c1-5036-bc41-aa57678e3d1c
21c1fe82-1b48-46b3-8df8-6bddcbb2d92e,1f983e8a-7db1-4374-8fb1-7e8a432a967e,f5ac9254-2b93-4ed7-b89e-70994842b438
21c1fe82-1b48-46b3-8df8-6bddcbb2d92e,1f983e8a-7db1-4374-8fb1-7e8a432a967e,db723822-93f7-4c1d-8f17-fb094a5c10d9
22937432-bf11-4649-b3aa-e5812a5286f4,7e249a64-9f13-47d3-a232-562a3d080198,b093fb83-ecbd-5daf-8596-72c2303804c0
22937432-bf11-4649-b3aa-e5812a5286f4,1f983e8a-7db1-4374-8fb1-7e8a432a967e,235c90e8-d604-4666-92cb-7677b11b9842
22937432-bf11-4649-b3aa-e5812a5286f4,1f983e8a-7db1-4374-8fb1-7e8a432a967e,2ebbbc2c-8859-4909-8fb3-55545467642d
22937432-bf11-4649-b3aa-e5812a5286f4,1f983e8a-7db1-4374-8fb1-7e8a432a967e,5d725880-4682-4cba-bc88-e5dde5ba3647
22ff3254-a3d2-401e-bc2c-d8290558e708,7e249a64-9f13-47d3-a232-562a3d080198,86476146-990a-54cb-90d7-9996645cc111
22ff3254-a3d2-401e-bc2c-d8290558e708,1f983e8a-7db1-4374-8fb1-7e8a432a967e,2d025173-f36f-46d5-a0fe-93e9c27ea08d
22ff3254-a3d2-401e-bc2c-d8290558e708,1f983e8a-7db1-4374-8fb1-7e8a432a967e,130e95f1-ebc4-46f1-90ba-3f9fa21cb77b
22ff3254-a3d2-401e-bc2c-d8290558e708,1f983e8a-7db1-4374-8fb1-7e8a432a967e,3e972910-5f22-4cd0-9de1-7c7af0925660
235c90e8-d604-4666-92cb-7677b11b9842,7e249a64-9f13-47d3-a232-562a3d080198,4da8af28-c43e-551e-aff6-669c58cbc4cc
235c90e8-d604-4666-92cb-7677b11b9842,1f983e8a-7db1-4374-8fb1-7e8a432a967e,684c4991-c599-41d0-a13b-ec40ae4c974f
23855152-d704-4b21-8776-366fd03a5147,7e249a64-9f13-47d3-a232-562a3d080198,a1cf37f8-ca88-5c80-b3cd-e6a9958ea5e0
23855152-d704-4b21-8776-366fd03a5147,1f983e8a-7db1-4374-8fb1-7e8a432a967e,6dead78a-0a96-47f1-adde-ef2edc60006d
23fad947-1de7-418e-8d9d-c593bbb1a61e,7e249a64-9f13-47d3-a232-562a3d080198,38f9c203-86de-5c21-b3de-ee666fa70913
23fad947-1de7-418e-8d9d-c593bbb1a61e,1f983e8a-7db1-4374-8fb1-7e8a432a967e,6dead78a-0a96-47f1-adde-ef2edc60006d
248aec75-126f-4a2a-ac31-b3ad2415bb69,7e249a64-9f13-47d3-a232-562a3d080198,2bdd7c5a-fd7b-5bae-a602-5bbc20935722
248aec75-126f-4a2a-ac31-b3ad2415bb69,1f983e8a-7db1-4374-8fb1-7e8a432a967e,4e4a8a47-3a4c-44b9-83cc-96a11041172a
25f53d18-2107-42f4-af63-17d267935337,7e249a64-9f13-47d3-a232-562a3d080198,fa1de115-0a15-5a26-b31d-ec8a39b9f4a0
25f53d18-2107-42f4-af63-17d267935337,7d11b956-0014-43be-9a3e-f89e2b31ec4f,4a8cba08-035c-4902-935b-26da61ed282c
270ad353-89d3-40f9-a381-2d1bd47c31ab,7e249a64-9f13-47d3-a232-562a3d080198,0cd7517d-419e-52be-96a8-72314a1052a6
270ad353-89d3-40f9-a381-2d1bd47c31ab,7d11b956-0014-43be-9a3e-f89e2b31ec4f,6ed91d58-3c29-484d-b7b2-2c9b7ad3d414
270ad353-89d3-40f9-a381-2d1bd47c31ab,7d11b956-0014-43be-9a3e-f89e2b31ec4f,e7e9e543-5ec8-4325-9c14-f861930ee401
27a3a178-836a-4b42-94b9-6dbb0031a1c0,7e249a64-9f13-47d3-a232-562a3d080198,30e29151-9232-5487-ae53-db25036e2eec
27a3a178-836a-4b42-94b9-6dbb0031a1c0,7d11b956-0014-43be-9a3e-f89e2b31ec4f,a3950bdd-ee55-4ef1-82f5-432181902751
27a3a178-836a-4b42-94b9-6dbb0031a1c0,7d11b956-0014-43be-9a3e-f89e2b31ec4f,27cca0db-6a93-4720-881c-1a27a08e8275
27cca0db-6a93-4720-881c-1a27a08e8275,7e249a64-9f13-47d3-a232-562a3d080198,2337e7c9-f0f7-5c51-9718-9447ce5349f5
27cca0db-6a93-4720-881c-1a27a08e8275,7d11b956-0014-43be-9a3e-f89e2b31ec4f,3bb531a7-acb6-4096-b44f-6a0024ec090c
27cca0db-6a93-4720-881c-1a27a08e8275,7d11b956-0014-43be-9a3e-f89e2b31ec4f,872000dc-f6b0-41db-a564-eb8f82f7a97c
2878273d-20f6-434e-8aa9-99764432fd03,7e249a64-9f13-47d3-a232-562a3d080198,249b6742-1265-5db1-84a8-bb05f32a65ec
2878273d-20f6-434e-8aa9-99764432fd03,1f983e8a-7db1-4374-8fb1-7e8a432a967e,13bebbab-ce5c-4c3b-ac77-66713f303a0a
2a7e347e-870a-40ef-974d-5f7d2565fb33,7e249a64-9f13-47d3-a232-562a3d080198,6e5b11d8-a001-5682-8c2e-af9eb43c618e
2a7e347e-870a-40ef-974d-5f7d2565fb33,1f983e8a-7db1-4374-8fb1-7e8a432a967e,13bebbab-ce5c-4c3b-ac77-66713f303a0a
2b18e695-e10c-4a32-9dd3-50e8768e9487,7e249a64-9f13-47d3-a232-562a3d080198,3166eb05-a4a4-5646-ae60-cb281c187d9c
2b18e695-e10c-4a32-9dd3-50e8768e9487,1f983e8a-7db1-4374-8fb1-7e8a432a967e,9260f8a5-7dad-40d1-89d1-91ebce71ebcb
2c20a948-5bc4-4da3-9b6e-a87027fe1026,7e249a64-9f13-47d3-a232-562a3d080198,0ec0c2b0-bc26-5014-a0cf-57caa61ab5ca
2c20a948-5bc4-4da3-9b6e-a87027fe1026,1f983e8a-7db1-4374-8fb1-7e8a432a967e,db723822-93f7-4c1d-8f17-fb094a5c10d9
2c20a948-5bc4-4da3-9b6e-a87027fe1026,1f983e8a-7db1-4374-8fb1-7e8a432a967e,45c5b53c-7178-451f-a3f6-ad100daa2d8e
2d025173-f36f-46d5-a0fe-93e9c27ea08d,7e249a64-9f13-47d3-a232-562a3d080198,3be0b2f3-a2b1-56ea-b17e-b07c863ad780
2d025173-f36f-46d5-a0fe-93e9c27ea08d,1f983e8a-7db1-4374-8fb1-7e8a432a967e,1d81fb63-17e1-4f37-a2f6-3fb0c11b36c2
2d025173-f36f-46d5-a0fe-93e9c27ea08d,1f983e8a-7db1-4374-8fb1-7e8a432a967e,db723822-93f7-4c1d-8f17-fb094a5c10d9
2ebbbc2c-8859-4909-8fb3-55545467642d,7e249a64-9f13-47d3-a232-562a3d080198,2edecf34-7dc5-5ac8-a9b3-5b8c1c100b60
2ebbbc2c-8859-4909-8fb3-55545467642d,1f983e8a-7db1-4374-8fb1-7e8a432a967e,1d81fb63-17e1-4f37-a2f6-3fb0c11b36c2
2ebbbc2c-8859-4909-8fb3-55545467642d,1f983e8a-7db1-4374-8fb1-7e8a432a967e,45c5b53c-7178-451f-a3f6-ad100daa2d8e
2ff8e41a-4586-4338-9934-52ac50fe4598,7e249a64-9f13-47d3-a232-562a3d080198,32ecc77a-429c-52f9-8640-8e589802b25a
2ff8e41a-4586-4338-9934-52ac50fe4598,7d11b956-0014-43be-9a3e-f89e2b31ec4f,a202f80b-3db4-4a33-a194-155529b87af5
3182e918-f5db-4b23-8c37-dbe73af104f5,7e249a64-9f13-47d3-a232-562a3d080198,b6e81c03-cbf6-5317-9041-e915eb5927a5
3182e918-f5db-4b23-8c37-dbe73af104f5,1f983e8a-7db1-4374-8fb1-7e8a432a967e,f9d69eb8-9ab7-44da-b9d0-8256de2b4497
3182e918-f5db-4b23-8c37-dbe73af104f5,1f983e8a-7db1-4374-8fb1-7e8a432a967e,248aec75-126f-4a2a-ac31-b3ad2415bb69
3603c6e0-605b-48a0-ad84-47c17d98bf6b,7e249a64-9f13-47d3-a232-562a3d080198,85150212-a4ca-5b7f-93e5-befb0f9b7a58
3603c6e0-605b-48a0-ad84-47c17d98bf6b,1f983e8a-7db1-4374-8fb1-7e8a432a967e,eb620bb7-652e-45ef-bc04-31f7d7c5ee10
3603c6e0-605b-48a0-ad84-47c17d98bf6b,1f983e8a-7db1-4374-8fb1-7e8a432a967e,024708e6-3fd4-438c-8585-b74637b9dd06
3ae0e22b-31b9-48a2-8ee1-c7d2a9666b00,7e249a64-9f13-47d3-a232-562a3d080198,83d3b431-245e-5065-9624-54657a089684
3ae0e22b-31b9-48a2-8ee1-c7d2a9666b00,7d11b956-0014-43be-9a3e-f89e2b31ec4f,fabc65fd-5fe0-4f68-87bb-b4eb93eb2f1b
3b4703fc-9f93-41b1-ae0b-f04a8d9345be,7e249a64-9f13-47d3-a232-562a3d080198,425820dc-9c59-5ce6-a63c-6feae5a8da53
3b4703fc-9f93-41b1-ae0b-f04a8d9345be,7d11b956-0014-43be-9a3e-f89e2b31ec4f,45c59627-fca9-4ddd-b27a-e4108dec8816
3b4703fc-9f93-41b1-ae0b-f04a8d9345be,7d11b956-0014-43be-9a3e-f89e2b31ec4f,d48184f4-4c8a-4bee-8cb7-7cb055e9c08c
3badd42d-b024-4359-a0dd-67a49cc15fbf,7e249a64-9f13-47d3-a232-562a3d080198,0195f3d2-19a9-5f1b-9a6d-ff4855dc21f0
3badd42d-b024-4359-a0dd-67a49cc15fbf,1f983e8a-7db1-4374-8fb1-7e8a432a967e,bf06e797-5d00-4d7f-8737-4d7e2c709013
3bb531a7-acb6-4096-b44f-6a0024ec090c,7e249a64-9f13-47d3-a232-562a3d080198,bf46eb41-41ad-5f64-86ad-9250042ff115
3bb531a7-acb6-4096-b44f-6a0024ec090c,7d11b956-0014-43be-9a3e-f89e2b31ec4f,09ff1076-4557-48d3-b4eb-e4db4e8824ca
3bb531a7-acb6-4096-b44f-6a0024ec090c,7d11b956-0014-43be-9a3e-f89e2b31ec4f,b0432482-12dc-432c-ac56-828da404fb14
3ddc2ed0-22cb-4a5c-b71b-02f354ea3568,7e249a64-9f13-47d3-a232-562a3d080198,d4604f3f-ca0c-53c8-8c53-ba7f96d9b84c
3ddc2ed0-22cb-4a5c-b71b-02f354ea3568,7d11b956-0014-43be-9a3e-f89e2b31ec4f,fabc65fd-5fe0-4f68-87bb-b4eb93eb2f1b
3e972910-5f22-4cd0-9de1-7c7af0925660,7e249a64-9f13-47d3-a232-562a3d080198,bfbd41f9-2e95-56bf-bea6-2c7ef5214a8f
3e972910-5f22-4cd0-9de1-7c7af0925660,1f983e8a-7db1-4374-8fb1-7e8a432a967e,1d81fb63-17e1-4f37-a2f6-3fb0c11b36c2
3e972910-5f22-4cd0-9de1-7c7af0925660,1f983e8a-7db1-4374-8fb1-7e8a432a967e,486caeee-40d6-487d-ba45-67539e8c37b5
3f05741d-65af-4fcd-b8cd-8c608fcf1715,7e249a64-9f13-47d3-a232-562a3d080198,a7e6eba2-eed7-5f1c-b2c2-c9d1d5c9f3f3
3f05741d-65af-4fcd-b8cd-8c608fcf1715,1f983e8a-7db1-4374-8fb1-7e8a432a967e,bf06e797-5d00-4d7f-8737-4d7e2c709013
3f1174ee-c8eb-4760-8176-828204a06fa8,7e249a64-9f13-47d3-a232-562a3d080198,9edc6f71-2661-5487-a194-b747f139a0b7
3f1174ee-c8eb-4760-8176-828204a06fa8,7d11b956-0014-43be-9a3e-f89e2b31ec4f,ff161f9f-ba65-4a71-9728-9bda738e7371
3f1174ee-c8eb-4760-8176-828204a06fa8,7d11b956-0014-43be-9a3e-f89e2b31ec4f,fc91cd5a-97f5-4748-8329-aeed9d1c7966
40c9ab6a-e4e5-41e8-9ac6-0f54e8bb4df7,7e249a64-9f13-47d3-a232-562a3d080198,330a82bf-1f82-54ab-b12c-59af19d01be2
40c9ab6a-e4e5-41e8-9ac6-0f54e8bb4df7,7d11b956-0014-43be-9a3e-f89e2b31ec4f,41b85748-130c-454a-8e69-8ef59d1aa25d
41489e64-4d2e-4bef-b89f-a593cab8febb,7e249a64-9f13-47d3-a232-562a3d080198,fc59e9f5-6ce7-542a-b091-10fd80a9b77e
41489e64-4d2e-4bef-b89f-a593cab8febb,7d11b956-0014-43be-9a3e-f89e2b31ec4f,a3dd76af-0812-4317-bb76-a568d9eee416
41489e64-4d2e-4bef-b89f-a593cab8febb,7d11b956-0014-43be-9a3e-f89e2b31ec4f,4b400cd1-224d-4358-9239-d060dcc8ffb2
41b85748-130c-454a-8e69-8ef59d1aa25d,7e249a64-9f13-47d3-a232-562a3d080198,0cd6b947-f9ad-590c-b8d1-7a93dc96a8f3
41b85748-130c-454a-8e69-8ef59d1aa25d,7d11b956-0014-43be-9a3e-f89e2b31ec4f,48bf4338-cd99-409b-88e8-3c4d473d8fde
431a3be2-e1f9-48c4-acf0-1a54aebb7b06,7e249a64-9f13-47d3-a232-562a3d080198,51f3a25f-719e-5d6c-990c-bae060019faa
431a3be2-e1f9-48c4-acf0-1a54aebb7b06,7d11b956-0014-43be-9a3e-f89e2b31ec4f,40c9ab6a-e4e5-41e8-9ac6-0f54e8bb4df7
43ab843d-dfea-473d-bce4-72ff8c9b7e63,7e249a64-9f13-47d3-a232-562a3d080198,a8e2a8bd-6032-5fb0-aa8d-821c8d86eef3
43ab843d-dfea-473d-bce4-72ff8c9b7e63,1f983e8a-7db1-4374-8fb1-7e8a432a967e,13bebbab-ce5c-4c3b-ac77-66713f303a0a
45c59627-fca9-4ddd-b27a-e4108dec8816,7e249a64-9f13-47d3-a232-562a3d080198,1e596e9f-8203-515b-9ffd-83c9bda78eb3
45c59627-fca9-4ddd-b27a-e4108dec8816,7d11b956-0014-43be-9a3e-f89e2b31ec4f,940fad16-3ff8-4a28-809e-7abe000ae140
45c5b53c-7178-451f-a3f6-ad100daa2d8e,7e249a64-9f13-47d3-a232-562a3d080198,f1a57852-0172-562e-a08c-4a67ed3a7176
45c5b53c-7178-451f-a3f6-ad100daa2d8e,1f983e8a-7db1-4374-8fb1-7e8a432a967e,f9cb048d-a2f7-4ff6-b824-c59b44e2aabe
461f1098-a247-482d-a3b7-5afe0986d0cc,7e249a64-9f13-47d3-a232-562a3d080198,954800f8-1d3f-574b-ab1e-6e6d78b0db3d
461f1098-a247-482d-a3b7-5afe0986d0cc,1f983e8a-7db1-4374-8fb1-7e8a432a967e,2b18e695-e10c-4a32-9dd3-50e8768e9487
46a78f8d-5470-41e3-ac04-ae68a1d55dda,7e249a64-9f13-47d3-a232-562a3d080198,d5e33528-8c13-5fa8-8813-4def08d45594
46a78f8d-5470-41e3-ac04-ae68a1d55dda,7d11b956-0014-43be-9a3e-f89e2b31ec4f,a3950bdd-ee55-4ef1-82f5-432181902751
46a78f8d-5470-41e3-ac04-ae68a1d55dda,7d11b956-0014-43be-9a3e-f89e2b31ec4f,174249f8-33f8-4998-b81a-bda093659982
46a78f8d-5470-41e3-ac04-ae68a1d55dda,7d11b956-0014-43be-9a3e-f89e2b31ec4f,f8a515a7-1237-4a11-9915-a075da750105
46b71552-11c9-4be1-a118-c879db176c00,7e249a64-9f13-47d3-a232-562a3d080198,721c74bd-11d6-50d1-9be2-a209da83843d
46b71552-11c9-4be1-a118-c879db176c00,1f983e8a-7db1-4374-8fb1-7e8a432a967e,dd8359c4-0a2b-416a-af27-3bcb0551b41a
483944bf-ec3b-4daf-a838-a9e0eaf67b75,7e249a64-9f13-47d3-a232-562a3d080198,a95ff7a8-e171-592c-a465-f87f2289dad7
483944bf-ec3b-4daf-a838-a9e0eaf67b75,7d11b956-0014-43be-9a3e-f89e2b31ec4f,3bb531a7-acb6-4096-b44f-6a0024ec090c
483944bf-ec3b-4daf-a838-a9e0eaf67b75,7d11b956-0014-43be-9a3e-f89e2b31ec4f,c0ca71fd-5151-421a-9458-c7cd6125746a
483944bf-ec3b-4daf-a838-a9e0eaf67b75,7d11b956-0014-43be-9a3e-f89e2b31ec4f,828b8a81-f980-4c91-b1bd-07228f20c524
484c2d9b-be76-4d3d-83d6-2b630c125ef3,7e249a64-9f13-47d3-a232-562a3d080198,61d0f002-fd65-5c5a-b365-5a8bbda076d6
484c2d9b-be76-4d3d-83d6-2b630c125ef3,7d11b956-0014-43be-9a3e-f89e2b31ec4f,81ab8276-e2e3-41f9-9123-59e202cd70f6
486caeee-40d6-487d-ba45-67539e8c37b5,7e249a64-9f13-47d3-a232-562a3d080198,4f0bf1e6-ae17-57f2-bf3c-c5d7db19fb76
486caeee-40d6-487d-ba45-67539e8c37b5,1f983e8a-7db1-4374-8fb1-7e8a432a967e,2878273d-20f6-434e-8aa9-99764432fd03
486caeee-40d6-487d-ba45-67539e8c37b5,1f983e8a-7db1-4374-8fb1-7e8a432a967e,f9cb048d-a2f7-4ff6-b824-c59b44e2aabe
48bf4338-cd99-409b-88e8-3c4d473d8fde,7e249a64-9f13-47d3-a232-562a3d080198,b1497d59-a459-5fd2-8aee-14fb12a1ec08
48bf4338-cd99-409b-88e8-3c4d473d8fde,7d11b956-0014-43be-9a3e-f89e2b31ec4f,16b464c6-7a71-4734-88af-9e224b70784b
48bf4338-cd99-409b-88e8-3c4d473d8fde,7d11b956-0014-43be-9a3e-f89e2b31ec4f,e9597740-d4f6-4a71-a820-054eea06547e
4a8cba08-035c-4902-935b-26da61ed282c,7e249a64-9f13-47d3-a232-562a3d080198,f43efcd6-21ef-58b6-b6fa-7e920a0c52f4
4a8cba08-035c-4902-935b-26da61ed282c,1f983e8a-7db1-4374-8fb1-7e8a432a967e,1c0d0bb2-63ad-4697-98e8-37586bb10dfe
4ab749af-25a0-4906-8783-9337a543dffa,7e249a64-9f13-47d3-a232-562a3d080198,6026404d-fddf-55c3-be51-306a6b510a6a
4ab749af-25a0-4906-8783-9337a543dffa,7d11b956-0014-43be-9a3e-f89e2b31ec4f,65f62d48-a12c-42f6-a4e6-ad69ff713444
4ab749af-25a0-4906-8783-9337a543dffa,7d11b956-0014-43be-9a3e-f89e2b31ec4f,872000dc-f6b0-41db-a564-eb8f82f7a97c
4b400cd1-224d-4358-9239-d060dcc8ffb2,7e249a64-9f13-47d3-a232-562a3d080198,15e77047-41f5-5631-8b84-71a075a979e2
4b400cd1-224d-4358-9239-d060dcc8ffb2,7d11b956-0014-43be-9a3e-f89e2b31ec4f,befbebe7-5d03-4788-b6d5-f3ec513f0df4
4b4c601d-5ec9-44f4-b6b0-836fc7933830,7e249a64-9f13-47d3-a232-562a3d080198,a8340297-ca5a-5372-9058-6bbe55d2c7ec
4b4c601d-5ec9-44f4-b6b0-836fc7933830,1f983e8a-7db1-4374-8fb1-7e8a432a967e,2d025173-f36f-46d5-a0fe-93e9c27ea08d
4b4c601d-5ec9-44f4-b6b0-836fc7933830,1f983e8a-7db1-4374-8fb1-7e8a432a967e,21c1fe82-1b48-46b3-8df8-6bddcbb2d92e
4b4c601d-5ec9-44f4-b6b0-836fc7933830,1f983e8a-7db1-4374-8fb1-7e8a432a967e,80ff5ac6-d73a-465c-a3eb-e133b7f3d9a4
4bc3cccc-e061-400e-9e1a-ab54a54952c6,7e249a64-9f13-47d3-a232-562a3d080198,bb3d20ec-3850-5f45-bd6c-ad23bc503c86
4bc3cccc-e061-400e-9e1a-ab54a54952c6,1f983e8a-7db1-4374-8fb1-7e8a432a967e,f9d69eb8-9ab7-44da-b9d0-8256de2b4497
4bc3cccc-e061-400e-9e1a-ab54a54952c6,1f983e8a-7db1-4374-8fb1-7e8a432a967e,248aec75-126f-4a2a-ac31-b3ad2415bb69
4e292a65-9a0d-4bfa-9e4f-16ae238c2627,7e249a64-9f13-47d3-a232-562a3d080198,94a67c11-7e60-5557-8a7c-3fb7883d3b9a
4e292a65-9a0d-4bfa-9e4f-16ae238c2627,1f983e8a-7db1-4374-8fb1-7e8a432a967e,b7fa66e2-abd4-488f-9340-3cd9420d4a9f
4e292a65-9a0d-4bfa-9e4f-16ae238c2627,1f983e8a-7db1-4374-8fb1-7e8a432a967e,f9d69eb8-9ab7-44da-b9d0-8256de2b4497
4e292a65-9a0d-4bfa-9e4f-16ae238c2627,1f983e8a-7db1-4374-8fb1-7e8a432a967e,3603c6e0-605b-48a0-ad84-47c17d98bf6b
4e4a8a47-3a4c-44b9-83cc-96a11041172a,7e249a64-9f13-47d3-a232-562a3d080198,8d40bf1d-4c08-5c79-9d0f-98a20efd93c1
4e4a8a47-3a4c-44b9-83cc-96a11041172a,1f983e8a-7db1-4374-8fb1-7e8a432a967e,1d81fb63-17e1-4f37-a2f6-3fb0c11b36c2
515a7453-0189-4147-8b4b-5b419e651adb,7e249a64-9f13-47d3-a232-562a3d080198,019c5e35-7785-5739-9776-ffecf36af64a
515a7453-0189-4147-8b4b-5b419e651adb,1f983e8a-7db1-4374-8fb1-7e8a432a967e,248aec75-126f-4a2a-ac31-b3ad2415bb69
515a7453-0189-4147-8b4b-5b419e651adb,1f983e8a-7db1-4374-8fb1-7e8a432a967e,024708e6-3fd4-438c-8585-b74637b9dd06
51614e28-d493-4d36-a3d1-4d92cae43b5f,7e249a64-9f13-47d3-a232-562a3d080198,4ec230b3-4157-57db-b4bb-72b7b20ee663
51614e28-d493-4d36-a3d1-4d92cae43b5f,1f983e8a-7db1-4374-8fb1-7e8a432a967e,95a2da43-3cd9-4d33-aa4e-d670b5405b4e
51614e28-d493-4d36-a3d1-4d92cae43b5f,1f983e8a-7db1-4374-8fb1-7e8a432a967e,4b4c601d-5ec9-44f4-b6b0-836fc7933830
51614e28-d493-4d36-a3d1-4d92cae43b5f,1f983e8a-7db1-4374-8fb1-7e8a432a967e,dddc968c-e4e3-4776-b227-6ec6f82160c9
528725d8-243d-41a3-b9f9-63900f76bbee,7e249a64-9f13-47d3-a232-562a3d080198,1fdbe6d8-529b-5696-84e1-425f0bb3c17e
528725d8-243d-41a3-b9f9-63900f76bbee,1f983e8a-7db1-4374-8fb1-7e8a432a967e,6dead78a-0a96-47f1-adde-ef2edc60006d
545b4541-8a34-46b8-8704-2265be0244c3,7e249a64-9f13-47d3-a232-562a3d080198,c3e4c2ba-cff8-5569-9689-be58f1ef2bcb
545b4541-8a34-46b8-8704-2265be0244c3,1f983e8a-7db1-4374-8fb1-7e8a432a967e,dd8359c4-0a2b-416a-af27-3bcb0551b41a
547a538f-722a-4753-bf74-afd11269e619,7e249a64-9f13-47d3-a232-562a3d080198,310db7e3-6e29-5719-9520-af30e4864053
547a538f-722a-4753-bf74-afd11269e619,1f983e8a-7db1-4374-8fb1-7e8a432a967e,6dead78a-0a96-47f1-adde-ef2edc60006d
55a846ab-d7c0-4b94-86f2-1a17ed3c59e0,7e249a64-9f13-47d3-a232-562a3d080198,d5497d98-7227-5890-a2f5-8a5942f978f5
55a846ab-d7c0-4b94-86f2-1a17ed3c59e0,7d11b956-0014-43be-9a3e-f89e2b31ec4f,872000dc-f6b0-41db-a564-eb8f82f7a97c
55a846ab-d7c0-4b94-86f2-1a17ed3c59e0,7d11b956-0014-43be-9a3e-f89e2b31ec4f,c0ca71fd-5151-421a-9458-c7cd6125746a
57d77eb1-397a-4966-8f9f-51812b2287bc,7e249a64-9f13-47d3-a232-562a3d080198,10c35da1-9387-509d-82b6-a39bdf64c7cd
57d77eb1-397a-4966-8f9f-51812b2287bc,7d11b956-0014-43be-9a3e-f89e2b31ec4f,65c798a6-a51f-4bba-872a-a60d49594ec4
57d77eb1-397a-4966-8f9f-51812b2287bc,7d11b956-0014-43be-9a3e-f89e2b31ec4f,16cc47aa-c8b9-42fb-8aa8-caf1b765c3a4
57defdea-3306-4304-8e64-34c4c7343e43,7e249a64-9f13-47d3-a232-562a3d080198,410de90b-dfa9-508a-acc6-e662aca0ddf7
57defdea-3306-4304-8e64-34c4c7343e43,1f983e8a-7db1-4374-8fb1-7e8a432a967e,bf06e797-5d00-4d7f-8737-4d7e2c709013
58107227-267a-4f2e-a44a-25bb61c6a455,7e249a64-9f13-47d3-a232-562a3d080198,c3857771-d295-5cbd-93af-b8bad7092486
58107227-267a-4f2e-a44a-25bb61c6a455,1f983e8a-7db1-4374-8fb1-7e8a432a967e,13bebbab-ce5c-4c3b-ac77-66713f303a0a
5c20e872-fea5-439f-835e-d76e8c8fa356,7e249a64-9f13-47d3-a232-562a3d080198,baca5000-a5d5-5113-8129-ef41d588b5d6
5c20e872-fea5-439f-835e-d76e8c8fa356,1f983e8a-7db1-4374-8fb1-7e8a432a967e,024708e6-3fd4-438c-8585-b74637b9dd06
5c20e872-fea5-439f-835e-d76e8c8fa356,1f983e8a-7db1-4374-8fb1-7e8a432a967e,f9cb048d-a2f7-4ff6-b824-c59b44e2aabe
5c790afa-c116-4721-8e7c-83624d1dd4bc,7e249a64-9f13-47d3-a232-562a3d080198,38b27976-0842-5f8f-a2e6-9718002b14ad
5c790afa-c116-4721-8e7c-83624d1dd4bc,1f983e8a-7db1-4374-8fb1-7e8a432a967e,3e972910-5f22-4cd0-9de1-7c7af0925660
5c790afa-c116-4721-8e7c-83624d1dd4bc,1f983e8a-7db1-4374-8fb1-7e8a432a967e,4e4a8a47-3a4c-44b9-83cc-96a11041172a
5ccc13dd-c63c-4502-aa0d-786410b138cd,7e249a64-9f13-47d3-a232-562a3d080198,05d060c1-56c3-5b67-91d7-17d14081dccc
5ccc13dd-c63c-4502-aa0d-786410b138cd,7d11b956-0014-43be-9a3e-f89e2b31ec4f,6ed91d58-3c29-484d-b7b2-2c9b7ad3d414
5ccc13dd-c63c-4502-aa0d-786410b138cd,7d11b956-0014-43be-9a3e-f89e2b31ec4f,08eef096-5390-4aba-a648-470aba6e3d4e
5d725880-4682-4cba-bc88-e5dde5ba3647,7e249a64-9f13-47d3-a232-562a3d080198,d5da4451-4044-56c2-a961-0e65c915385c
5d725880-4682-4cba-bc88-e5dde5ba3647,1f983e8a-7db1-4374-8fb1-7e8a432a967e,95a2da43-3cd9-4d33-aa4e-d670b5405b4e
5d725880-4682-4cba-bc88-e5dde5ba3647,1f983e8a-7db1-4374-8fb1-7e8a432a967e,248aec75-126f-4a2a-ac31-b3ad2415bb69
5f22208e-72cb-4098-942b-e85246b48208,7e249a64-9f13-47d3-a232-562a3d080198,2fb0c5ff-a35e-506a-b3e2-b199491aa053
5f22208e-72cb-4098-942b-e85246b48208,7d11b956-0014-43be-9a3e-f89e2b31ec4f,16da19b2-f39c-46cd-afc6-70581ccf048e
5f22208e-72cb-4098-942b-e85246b48208,7d11b956-0014-43be-9a3e-f89e2b31ec4f,62c4e791-099b-49b3-a665-a74731e49d78
5fd88c8b-d625-45ac-93e6-664073c7de48,7e249a64-9f13-47d3-a232-562a3d080198,803b249f-66b0-567a-9f79-1a47403129c7
5fd88c8b-d625-45ac-93e6-664073c7de48,7d11b956-0014-43be-9a3e-f89e2b31ec4f,9d904f8d-8ee4-4736-adab-f46a2062cf70
623f3067-db46-40c1-9cf0-b1682fd41ed6,7e249a64-9f13-47d3-a232-562a3d080198,166f940e-8232-52f9-84e3-a6cc44d93a01
623f3067-db46-40c1-9cf0-b1682fd41ed6,1f983e8a-7db1-4374-8fb1-7e8a432a967e,db723822-93f7-4c1d-8f17-fb094a5c10d9
623f3067-db46-40c1-9cf0-b1682fd41ed6,1f983e8a-7db1-4374-8fb1-7e8a432a967e,3603c6e0-605b-48a0-ad84-47c17d98bf6b
623f3067-db46-40c1-9cf0-b1682fd41ed6,1f983e8a-7db1-4374-8fb1-7e8a432a967e,5c20e872-fea5-439f-835e-d76e8c8fa356
62c4e791-099b-49b3-a665-a74731e49d78,7e249a64-9f13-47d3-a232-562a3d080198,14a6d43b-88ab-5c4e-a65e-119491bc839d
62c4e791-099b-49b3-a665-a74731e49d78,7d11b956-0014-43be-9a3e-f89e2b31ec4f,1f256de1-3bde-48de-862d-4be2025ec214
62c4e791-099b-49b3-a665-a74731e49d78,7d11b956-0014-43be-9a3e-f89e2b31ec4f,ff161f9f-ba65-4a71-9728-9bda738e7371
634771cd-ca38-47e5-807d-fef99f8ee5d5,7e249a64-9f13-47d3-a232-562a3d080198,3e3983e0-f044-5e43-a9b1-69a36eef1c01
634771cd-ca38-47e5-807d-fef99f8ee5d5,7d11b956-0014-43be-9a3e-f89e2b31ec4f,81ab8276-e2e3-41f9-9123-59e202cd70f6
634771cd-ca38-47e5-807d-fef99f8ee5d5,7d11b956-0014-43be-9a3e-f89e2b31ec4f,f8a515a7-1237-4a11-9915-a075da750105
652d9a7e-4310-43ff-8572-2f7e963499ae,7e249a64-9f13-47d3-a232-562a3d080198,f9b3aebb-324f-5607-a229-b470f4470cb8
652d9a7e-4310-43ff-8572-2f7e963499ae,7d11b956-0014-43be-9a3e-f89e2b31ec4f,4b400cd1-224d-4358-9239-d060dcc8ffb2
652d9a7e-4310-43ff-8572-2f7e963499ae,7d11b956-0014-43be-9a3e-f89e2b31ec4f,484c2d9b-be76-4d3d-83d6-2b630c125ef3
65c798a6-a51f-4bba-872a-a60d49594ec4,7e249a64-9f13-47d3-a232-562a3d080198,abab8141-9f3f-5f7a-a6d4-a0bc14074583
65c798a6-a51f-4bba-872a-a60d49594ec4,7d11b956-0014-43be-9a3e-f89e2b31ec4f,a3dd76af-0812-4317-bb76-a568d9eee416
65c798a6-a51f-4bba-872a-a60d49594ec4,7d11b956-0014-43be-9a3e-f89e2b31ec4f,828b8a81-f980-4c91-b1bd-07228f20c524
65f62d48-a12c-42f6-a4e6-ad69ff713444,7e249a64-9f13-47d3-a232-562a3d080198,6ad29684-1767-53dd-8036-1c38b15e2fce
65f62d48-a12c-42f6-a4e6-ad69ff713444,7d11b956-0014-43be-9a3e-f89e2b31ec4f,d1671586-74bf-4c53-adcc-d585940b661b
65f62d48-a12c-42f6-a4e6-ad69ff713444,7d11b956-0014-43be-9a3e-f89e2b31ec4f,b0432482-12dc-432c-ac56-828da404fb14
66f9dfd3-2af7-44ce-8d01-6dbce8558a47,7e249a64-9f13-47d3-a232-562a3d080198,2d8d98db-2d59-5c0d-be40-6cc6ed91c621
66f9dfd3-2af7-44ce-8d01-6dbce8558a47,7d11b956-0014-43be-9a3e-f89e2b31ec4f,a3dd76af-0812-4317-bb76-a568d9eee416
66f9dfd3-2af7-44ce-8d01-6dbce8558a47,7d11b956-0014-43be-9a3e-f89e2b31ec4f,3bb531a7-acb6-4096-b44f-6a0024ec090c
67b82398-b80b-4ee3-aa2f-4bc33074c7f4,7e249a64-9f13-47d3-a232-562a3d080198,952638a1-0d45-57bc-92c5-fb134cbde755
67b82398-b80b-4ee3-aa2f-4bc33074c7f4,1f983e8a-7db1-4374-8fb1-7e8a432a967e,545b4541-8a34-46b8-8704-2265be0244c3
684c4991-c599-41d0-a13b-ec40ae4c974f,7e249a64-9f13-47d3-a232-562a3d080198,bd352d34-1ce4-5177-913b-930c504d07a9
684c4991-c599-41d0-a13b-ec40ae4c974f,1f983e8a-7db1-4374-8fb1-7e8a432a967e,024708e6-3fd4-438c-8585-b74637b9dd06
684c4991-c599-41d0-a13b-ec40ae4c974f,1f983e8a-7db1-4374-8fb1-7e8a432a967e,45c5b53c-7178-451f-a3f6-ad100daa2d8e
69237cad-6966-4825-ba09-f1402bc93e91,7e249a64-9f13-47d3-a232-562a3d080198,f7826127-6dd1-58fc-82ab-d5d8a26872d5
69237cad-6966-4825-ba09-f1402bc93e91,7d11b956-0014-43be-9a3e-f89e2b31ec4f,77784a67-f694-4a14-9be3-3aabb3dd71da
69237cad-6966-4825-ba09-f1402bc93e91,7d11b956-0014-43be-9a3e-f89e2b31ec4f,ff161f9f-ba65-4a71-9728-9bda738e7371
69237cad-6966-4825-ba09-f1402bc93e91,7d11b956-0014-43be-9a3e-f89e2b31ec4f,73b12acd-dc2e-4b10-b574-731e07c6d049
69db834e-6958-4a1b-b6b8-363be1a94261,7e249a64-9f13-47d3-a232-562a3d080198,6f908f66-a7fd-54e1-9c65-87277361009d
69db834e-6958-4a1b-b6b8-363be1a94261,7d11b956-0014-43be-9a3e-f89e2b31ec4f,a3deeac0-8add-4ca6-a761-4e0255706cb0
6a4fef6e-eb0e-465a-bdfe-6738cf2a8b33,7e249a64-9f13-47d3-a232-562a3d080198,0341ea8c-add6-54af-a694-03aebe329d8a
6a4fef6e-eb0e-465a-bdfe-6738cf2a8b33,1f983e8a-7db1-4374-8fb1-7e8a432a967e,684c4991-c599-41d0-a13b-ec40ae4c974f
6a4fef6e-eb0e-465a-bdfe-6738cf2a8b33,1f983e8a-7db1-4374-8fb1-7e8a432a967e,2c20a948-5bc4-4da3-9b6e-a87027fe1026
6a4fef6e-eb0e-465a-bdfe-6738cf2a8b33,1f983e8a-7db1-4374-8fb1-7e8a432a967e,3603c6e0-605b-48a0-ad84-47c17d98bf6b
6ab409ca-57a7-4daa-8da4-8d68945c4460,7e249a64-9f13-47d3-a232-562a3d080198,58cd1994-2e53-5ed1-a241-58afd2fd845f
6ab409ca-57a7-4daa-8da4-8d68945c4460,7d11b956-0014-43be-9a3e-f89e2b31ec4f,652d9a7e-4310-43ff-8572-2f7e963499ae
6ab409ca-57a7-4daa-8da4-8d68945c4460,7d11b956-0014-43be-9a3e-f89e2b31ec4f,1f256de1-3bde-48de-862d-4be2025ec214
6ab409ca-57a7-4daa-8da4-8d68945c4460,7d11b956-0014-43be-9a3e-f89e2b31ec4f,e9597740-d4f6-4a71-a820-054eea06547e
6ad0921a-5bbf-4d36-98e0-64ab8a11ba70,7e249a64-9f13-47d3-a232-562a3d080198,0196e066-ecab-53eb-87da-960854956558
6ad0921a-5bbf-4d36-98e0-64ab8a11ba70,1f983e8a-7db1-4374-8fb1-7e8a432a967e,ba16eba2-2a1e-46d3-913a-5826b5b2abc8
6ad1434d-56f4-437b-a580-c41c3bf901a6,7e249a64-9f13-47d3-a232-562a3d080198,4823afa2-00b1-5e7b-8669-3164844a98bf
6ad1434d-56f4-437b-a580-c41c3bf901a6,7d11b956-0014-43be-9a3e-f89e2b31ec4f,f6a45033-f1ae-4733-851f-5c4b451c6d45
6ad1434d-56f4-437b-a580-c41c3bf901a6,7d11b956-0014-43be-9a3e-f89e2b31ec4f,0ba7da14-df50-47bb-bc53-e06ec699e78f
6bb0b0b6-41cd-4bb3-a0e8-d483b25f6cf1,7e249a64-9f13-47d3-a232-562a3d080198,a445d29b-2ba7-5a46-8885-5a5d11680eba
6bb0b0b6-41cd-4bb3-a0e8-d483b25f6cf1,1f983e8a-7db1-4374-8fb1-7e8a432a967e,545b4541-8a34-46b8-8704-2265be0244c3
6beb4515-89e8-4bce-9318-77935200f9bb,7e249a64-9f13-47d3-a232-562a3d080198,215c3eb9-0cc1-564d-842d-ea953acb087a
6beb4515-89e8-4bce-9318-77935200f9bb,7d11b956-0014-43be-9a3e-f89e2b31ec4f,09ff1076-4557-48d3-b4eb-e4db4e8824ca
6c668919-a78c-4239-bdc1-95cf53b3ed94,7e249a64-9f13-47d3-a232-562a3d080198,1d68fe59-181a-5d90-b04c-832b02c9b90d
6c668919-a78c-4239-bdc1-95cf53b3ed94,7d11b956-0014-43be-9a3e-f89e2b31ec4f,17f56403-3bbe-4529-b72e-dc47793983b9
6c920aab-70be-4cc5-a1a7-393f638ea5d2,7e249a64-9f13-47d3-a232-562a3d080198,85973e55-a400-5dd7-a581-3e3d661ae52e
6c920aab-70be-4cc5-a1a7-393f638ea5d2,7d11b956-0014-43be-9a3e-f89e2b31ec4f,a3deeac0-8add-4ca6-a761-4e0255706cb0
6c920aab-70be-4cc5-a1a7-393f638ea5d2,7d11b956-0014-43be-9a3e-f89e2b31ec4f,483944bf-ec3b-4daf-a838-a9e0eaf67b75
6c920aab-70be-4cc5-a1a7-393f638ea5d2,7d11b956-0014-43be-9a3e-f89e2b31ec4f,a3950bdd-ee55-4ef1-82f5-432181902751
6dead78a-0a96-47f1-adde-ef2edc60006d,7e249a64-9f13-47d3-a232-562a3d080198,cf7bea81-194f-586d-9406-935c46cbdd78
6dead78a-0a96-47f1-adde-ef2edc60006d,1f983e8a-7db1-4374-8fb1-7e8a432a967e,1c0d0bb2-63ad-4697-98e8-37586bb10dfe
6ed91d58-3c29-484d-b7b2-2c9b7ad3d414,7e249a64-9f13-47d3-a232-562a3d080198,89d3a3e3-7958-57ea-9599-c15bab2f36f3
6ed91d58-3c29-484d-b7b2-2c9b7ad3d414,7d11b956-0014-43be-9a3e-f89e2b31ec4f,66f9dfd3-2af7-44ce-8d01-6dbce8558a47
6ed91d58-3c29-484d-b7b2-2c9b7ad3d414,7d11b956-0014-43be-9a3e-f89e2b31ec4f,27cca0db-6a93-4720-881c-1a27a08e8275
6f9af373-1be4-4938-9f4a-b7eee8fa3bf8,7e249a64-9f13-47d3-a232-562a3d080198,4e96630b-77bb-5d07-a857-1b1ec9ec24fd
6f9af373-1be4-4938-9f4a-b7eee8fa3bf8,7d11b956-0014-43be-9a3e-f89e2b31ec4f,4b400cd1-224d-4358-9239-d060dcc8ffb2
6f9af373-1be4-4938-9f4a-b7eee8fa3bf8,7d11b956-0014-43be-9a3e-f89e2b31ec4f,09ff1076-4557-48d3-b4eb-e4db4e8824ca
7364e2cb-0a0b-4380-a51d-3e95e888eb0c,7e249a64-9f13-47d3-a232-562a3d080198,d4bfa0b2-1618-5024-8292-e8a081ce8a5d
7364e2cb-0a0b-4380-a51d-3e95e888eb0c,1f983e8a-7db1-4374-8fb1-7e8a432a967e,a5dc8c36-56fc-44c2-909b-7592b1f44fd7
73b12acd-dc2e-4b10-b574-731e07c6d049,7e249a64-9f13-47d3-a232-562a3d080198,f11d529b-77af-567a-9715-494223f4b483
73b12acd-dc2e-4b10-b574-731e07c6d049,7d11b956-0014-43be-9a3e-f89e2b31ec4f,6c920aab-70be-4cc5-a1a7-393f638ea5d2
73b12acd-dc2e-4b10-b574-731e07c6d049,7d11b956-0014-43be-9a3e-f89e2b31ec4f,cc965f1b-26da-4230-b653-752e764add9e
73b12acd-dc2e-4b10-b574-731e07c6d049,7d11b956-0014-43be-9a3e-f89e2b31ec4f,27a3a178-836a-4b42-94b9-6dbb0031a1c0
76499d8f-0190-4555-b8ae-8283a272ee62,7e249a64-9f13-47d3-a232-562a3d080198,31ae8c15-bcd5-5f26-8221-0deb5a6d63a8
76499d8f-0190-4555-b8ae-8283a272ee62,7d11b956-0014-43be-9a3e-f89e2b31ec4f,1f176e62-4a10-477e-8e55-ea36ed8b9777
77784a67-f694-4a14-9be3-3aabb3dd71da,7e249a64-9f13-47d3-a232-562a3d080198,010ecc8c-842d-5180-a718-36f4a9d6311c
77784a67-f694-4a14-9be3-3aabb3dd71da,7d11b956-0014-43be-9a3e-f89e2b31ec4f,b3b33e0d-bdb4-42f6-a39a-2b99e8e7163c
77784a67-f694-4a14-9be3-3aabb3dd71da,7d11b956-0014-43be-9a3e-f89e2b31ec4f,6c920aab-70be-4cc5-a1a7-393f638ea5d2
77784a67-f694-4a14-9be3-3aabb3dd71da,7d11b956-0014-43be-9a3e-f89e2b31ec4f,c904af87-8122-4e94-a39a-ca9ca79b0ca1
7a5013ce-3cbb-4776-8677-173fc4f134c6,7e249a64-9f13-47d3-a232-562a3d080198,c3aa6ce9-77a1-505a-a236-2bfb85a701a8
7a5013ce-3cbb-4776-8677-173fc4f134c6,7d11b956-0014-43be-9a3e-f89e2b31ec4f,48bf4338-cd99-409b-88e8-3c4d473d8fde
7be2a6bd-cdd1-4730-a1a5-3540aae7f139,7e249a64-9f13-47d3-a232-562a3d080198,3e0947c8-f450-5455-a019-2b8d08e46527
7be2a6bd-cdd1-4730-a1a5-3540aae7f139,1f983e8a-7db1-4374-8fb1-7e8a432a967e,486caeee-40d6-487d-ba45-67539e8c37b5
7be2a6bd-cdd1-4730-a1a5-3540aae7f139,1f983e8a-7db1-4374-8fb1-7e8a432a967e,45c5b53c-7178-451f-a3f6-ad100daa2d8e
7ddc2bde-e95b-4825-8431-e1a2ad2ef472,7e249a64-9f13-47d3-a232-562a3d080198,1f46079b-2de2-5032-b04c-e6547e376234
7ddc2bde-e95b-4825-8431-e1a2ad2ef472,7d11b956-0014-43be-9a3e-f89e2b31ec4f,4b400cd1-224d-4358-9239-d060dcc8ffb2
7fd5d2ab-a4f2-443b-bdf9-6695fa55c01f,7e249a64-9f13-47d3-a232-562a3d080198,52fd71a5-91be-5952-b64d-a1800e95e5c4
7fd5d2ab-a4f2-443b-bdf9-6695fa55c01f,1f983e8a-7db1-4374-8fb1-7e8a432a967e,2a7e347e-870a-40ef-974d-5f7d2565fb33
7fd5d2ab-a4f2-443b-bdf9-6695fa55c01f,1f983e8a-7db1-4374-8fb1-7e8a432a967e,58107227-267a-4f2e-a44a-25bb61c6a455
80ff5ac6-d73a-465c-a3eb-e133b7f3d9a4,7e249a64-9f13-47d3-a232-562a3d080198,ce871693-1ca2-552a-a83b-dc28d3c5e666
80ff5ac6-d73a-465c-a3eb-e133b7f3d9a4,1f983e8a-7db1-4374-8fb1-7e8a432a967e,f5ac9254-2b93-4ed7-b89e-70994842b438
80ff5ac6-d73a-465c-a3eb-e133b7f3d9a4,1f983e8a-7db1-4374-8fb1-7e8a432a967e,1d81fb63-17e1-4f37-a2f6-3fb0c11b36c2
81ab8276-e2e3-41f9-9123-59e202cd70f6,7e249a64-9f13-47d3-a232-562a3d080198,5dfe0e43-8f28-5f7f-934c-22a292116f02
81ab8276-e2e3-41f9-9123-59e202cd70f6,7d11b956-0014-43be-9a3e-f89e2b31ec4f,0b2bf9d2-ded9-498d-b2c4-3131af57b4bf
822e4ff2-5e3a-46dd-837f-6bf1d1ad8962,7e249a64-9f13-47d3-a232-562a3d080198,311be840-332f-5208-8f2f-df1ff2569f4c
822e4ff2-5e3a-46dd-837f-6bf1d1ad8962,1f983e8a-7db1-4374-8fb1-7e8a432a967e,07d5cfb9-1dc5-41ca-bd9c-a298a16e6767
828b8a81-f980-4c91-b1bd-07228f20c524,7e249a64-9f13-47d3-a232-562a3d080198,e07afcc4-447a-58b4-b0e5-6949419f0ec3
828b8a81-f980-4c91-b1bd-07228f20c524,7d11b956-0014-43be-9a3e-f89e2b31ec4f,befbebe7-5d03-4788-b6d5-f3ec513f0df4
828b8a81-f980-4c91-b1bd-07228f20c524,7d11b956-0014-43be-9a3e-f89e2b31ec4f,09ff1076-4557-48d3-b4eb-e4db4e8824ca
84c62d3f-2884-4273-a233-73713c38e987,7e249a64-9f13-47d3-a232-562a3d080198,687f6449-d309-5b32-a604-4bdcffcaf1b0
84c62d3f-2884-4273-a233-73713c38e987,7d11b956-0014-43be-9a3e-f89e2b31ec4f,dbe090b4-7be7-4312-a7d8-289d5ecc565a
85b3248b-9d92-4d03-b96c-a89ef95dcba3,7e249a64-9f13-47d3-a232-562a3d080198,7a6c246e-fda4-54ed-953a-31d90fc6bad6
85b3248b-9d92-4d03-b96c-a89ef95dcba3,1f983e8a-7db1-4374-8fb1-7e8a432a967e,bf06e797-5d00-4d7f-8737-4d7e2c709013
872000dc-f6b0-41db-a564-eb8f82f7a97c,7e249a64-9f13-47d3-a232-562a3d080198,7da29c42-5e97-51b3-b86b-1001f143a89b
872000dc-f6b0-41db-a564-eb8f82f7a97c,7d11b956-0014-43be-9a3e-f89e2b31ec4f,b0432482-12dc-432c-ac56-828da404fb14
8c49494d-9064-49e8-b56f-1cd9b46be261,7e249a64-9f13-47d3-a232-562a3d080198,17817631-3ca4-527f-bf5b-7f2363e0cb10
8c49494d-9064-49e8-b56f-1cd9b46be261,1f983e8a-7db1-4374-8fb1-7e8a432a967e,6dead78a-0a96-47f1-adde-ef2edc60006d
8ea0afa5-1e03-4bcd-a884-9c09e2498bca,7e249a64-9f13-47d3-a232-562a3d080198,406f7ff8-bff6-5769-8de7-105a756125c8
8ea0afa5-1e03-4bcd-a884-9c09e2498bca,1f983e8a-7db1-4374-8fb1-7e8a432a967e,f5ac9254-2b93-4ed7-b89e-70994842b438
8ea0afa5-1e03-4bcd-a884-9c09e2498bca,1f983e8a-7db1-4374-8fb1-7e8a432a967e,45c5b53c-7178-451f-a3f6-ad100daa2d8e
9260f8a5-7dad-40d1-89d1-91ebce71ebcb,7e249a64-9f13-47d3-a232-562a3d080198,38bcdd2f-7f0e-5a1f-a7f6-2f7f985887ac
9260f8a5-7dad-40d1-89d1-91ebce71ebcb,1f983e8a-7db1-4374-8fb1-7e8a432a967e,bf06e797-5d00-4d7f-8737-4d7e2c709013
931cea6c-5033-4d52-85fd-3c14fb576e39,7e249a64-9f13-47d3-a232-562a3d080198,fe71ff10-2e27-5148-9cbd-4ce2491222d1
931cea6c-5033-4d52-85fd-3c14fb576e39,1f983e8a-7db1-4374-8fb1-7e8a432a967e,f9d69eb8-9ab7-44da-b9d0-8256de2b4497
931cea6c-5033-4d52-85fd-3c14fb576e39,1f983e8a-7db1-4374-8fb1-7e8a432a967e,248aec75-126f-4a2a-ac31-b3ad2415bb69
93d2b473-f654-448f-a0ce-2bc1d6a3aec5,7e249a64-9f13-47d3-a232-562a3d080198,deaa29bd-3018-505d-9394-99ba82b85ff4
93d2b473-f654-448f-a0ce-2bc1d6a3aec5,7d11b956-0014-43be-9a3e-f89e2b31ec4f,09ff1076-4557-48d3-b4eb-e4db4e8824ca
940fad16-3ff8-4a28-809e-7abe000ae140,7e249a64-9f13-47d3-a232-562a3d080198,498438a5-1502-55cb-a27e-8f81a6322b8b
940fad16-3ff8-4a28-809e-7abe000ae140,7d11b956-0014-43be-9a3e-f89e2b31ec4f,2ff8e41a-4586-4338-9934-52ac50fe4598
95a2da43-3cd9-4d33-aa4e-d670b5405b4e,7e249a64-9f13-47d3-a232-562a3d080198,4721b525-6811-5418-9dee-dae20e8c811e
95a2da43-3cd9-4d33-aa4e-d670b5405b4e,1f983e8a-7db1-4374-8fb1-7e8a432a967e,4e4a8a47-3a4c-44b9-83cc-96a11041172a
95a2da43-3cd9-4d33-aa4e-d670b5405b4e,1f983e8a-7db1-4374-8fb1-7e8a432a967e,80ff5ac6-d73a-465c-a3eb-e133b7f3d9a4
9698ea51-7c2d-42ba-b840-f8f50d341a3b,7e249a64-9f13-47d3-a232-562a3d080198,8d3e4e3b-5856-5564-b318-9031bfa3ad37
9698ea51-7c2d-42ba-b840-f8f50d341a3b,7d11b956-0014-43be-9a3e-f89e2b31ec4f,7a5013ce-3cbb-4776-8677-173fc4f134c6
98bbb226-e02a-456f-bd33-b6a4ea69e5b0,7e249a64-9f13-47d3-a232-562a3d080198,7ae1f7b3-7cb9-58a0-9495-9c952171f896
98bbb226-e02a-456f-bd33-b6a4ea69e5b0,1f983e8a-7db1-4374-8fb1-7e8a432a967e,3e972910-5f22-4cd0-9de1-7c7af0925660
998230cf-1822-4000-bd58-9790845f12da,7e249a64-9f13-47d3-a232-562a3d080198,5f3df488-c281-5021-9c3d-443f282072c8
998230cf-1822-4000-bd58-9790845f12da,7d11b956-0014-43be-9a3e-f89e2b31ec4f,3bb531a7-acb6-4096-b44f-6a0024ec090c
998230cf-1822-4000-bd58-9790845f12da,7d11b956-0014-43be-9a3e-f89e2b31ec4f,e9597740-d4f6-4a71-a820-054eea06547e
998230cf-1822-4000-bd58-9790845f12da,7d11b956-0014-43be-9a3e-f89e2b31ec4f,6f9af373-1be4-4938-9f4a-b7eee8fa3bf8
9d904f8d-8ee4-4736-adab-f46a2062cf70,7e249a64-9f13-47d3-a232-562a3d080198,5a4a9937-f7a0-57e1-a673-264780e80589
9d904f8d-8ee4-4736-adab-f46a2062cf70,7d11b956-0014-43be-9a3e-f89e2b31ec4f,48bf4338-cd99-409b-88e8-3c4d473d8fde
a1daa215-0e0e-49e1-8d0a-4ce7056c81b4,7e249a64-9f13-47d3-a232-562a3d080198,fa904f46-9adb-5cf8-8e8a-7e85337fea7b
a1daa215-0e0e-49e1-8d0a-4ce7056c81b4,1f983e8a-7db1-4374-8fb1-7e8a432a967e,98bbb226-e02a-456f-bd33-b6a4ea69e5b0
a1daa215-0e0e-49e1-8d0a-4ce7056c81b4,1f983e8a-7db1-4374-8fb1-7e8a432a967e,22ff3254-a3d2-401e-bc2c-d8290558e708
a202f80b-3db4-4a33-a194-155529b87af5,7e249a64-9f13-47d3-a232-562a3d080198,da539aa0-c71a-5df5-b13f-ed096db11321
a202f80b-3db4-4a33-a194-155529b87af5,7d11b956-0014-43be-9a3e-f89e2b31ec4f,febe31ec-15f4-4841-a0f7-8034e5a1e08b
a348a810-bf17-4cad-81d8-b2691c2ad2d9,7e249a64-9f13-47d3-a232-562a3d080198,6bd96933-7ba6-5ca8-95c7-6aa3fd497084
a348a810-bf17-4cad-81d8-b2691c2ad2d9,7d11b956-0014-43be-9a3e-f89e2b31ec4f,17f56403-3bbe-4529-b72e-dc47793983b9
a3950bdd-ee55-4ef1-82f5-432181902751,7e249a64-9f13-47d3-a232-562a3d080198,0d80ed0e-679d-5249-af62-467bc3d6b9a8
a3950bdd-ee55-4ef1-82f5-432181902751,7d11b956-0014-43be-9a3e-f89e2b31ec4f,3bb531a7-acb6-4096-b44f-6a0024ec090c
a3950bdd-ee55-4ef1-82f5-432181902751,7d11b956-0014-43be-9a3e-f89e2b31ec4f,0b2bf9d2-ded9-498d-b2c4-3131af57b4bf
a3dd76af-0812-4317-bb76-a568d9eee416,7e249a64-9f13-47d3-a232-562a3d080198,7769480c-351d-5d6a-abb5-c5085f743543
a3dd76af-0812-4317-bb76-a568d9eee416,7d11b956-0014-43be-9a3e-f89e2b31ec4f,09ff1076-4557-48d3-b4eb-e4db4e8824ca
a3deeac0-8add-4ca6-a761-4e0255706cb0,7e249a64-9f13-47d3-a232-562a3d080198,9aa34248-2f7b-5a9d-b226-db0bcd7925f4
a3deeac0-8add-4ca6-a761-4e0255706cb0,7d11b956-0014-43be-9a3e-f89e2b31ec4f,0b2bf9d2-ded9-498d-b2c4-3131af57b4bf
a3deeac0-8add-4ca6-a761-4e0255706cb0,7d11b956-0014-43be-9a3e-f89e2b31ec4f,828b8a81-f980-4c91-b1bd-07228f20c524
a49dde2f-b3f8-4d51-8fc3-12d0f185d5f3,7e249a64-9f13-47d3-a232-562a3d080198,83c0eec0-3257-50c4-bc76-067eeba802af
a49dde2f-b3f8-4d51-8fc3-12d0f185d5f3,1f983e8a-7db1-4374-8fb1-7e8a432a967e,51614e28-d493-4d36-a3d1-4d92cae43b5f
a49dde2f-b3f8-4d51-8fc3-12d0f185d5f3,1f983e8a-7db1-4374-8fb1-7e8a432a967e,5d725880-4682-4cba-bc88-e5dde5ba3647
a49dde2f-b3f8-4d51-8fc3-12d0f185d5f3,1f983e8a-7db1-4374-8fb1-7e8a432a967e,d9ab8110-1437-4ac2-82b8-f6820cfa6dc4
a5dc8c36-56fc-44c2-909b-7592b1f44fd7,7e249a64-9f13-47d3-a232-562a3d080198,10788939-5f03-5c97-9d02-f5a982ce9838
a5dc8c36-56fc-44c2-909b-7592b1f44fd7,1f983e8a-7db1-4374-8fb1-7e8a432a967e,cf9e810f-6717-4c60-a659-b7f1c2ac6819
a5dc8c36-56fc-44c2-909b-7592b1f44fd7,1f983e8a-7db1-4374-8fb1-7e8a432a967e,58107227-267a-4f2e-a44a-25bb61c6a455
a5e5fe62-9d87-422e-bd87-f56cab26f2f6,7e249a64-9f13-47d3-a232-562a3d080198,ab5f876a-ca14-58d8-8cd3-4a043d80fc92
a5e5fe62-9d87-422e-bd87-f56cab26f2f6,1f983e8a-7db1-4374-8fb1-7e8a432a967e,85b3248b-9d92-4d03-b96c-a89ef95dcba3
a63de5df-381c-448d-9b7b-573515d0601b,7e249a64-9f13-47d3-a232-562a3d080198,628e9b17-d15f-5441-9a9a-6f7ee56cd668
a63de5df-381c-448d-9b7b-573515d0601b,1f983e8a-7db1-4374-8fb1-7e8a432a967e,23fad947-1de7-418e-8d9d-c593bbb1a61e
a6713585-13a1-4593-9a1e-4f9ff1dfe8b7,7e249a64-9f13-47d3-a232-562a3d080198,f2d9e10b-7c1d-59a4-9072-80bf53ddb5f6
a6713585-13a1-4593-9a1e-4f9ff1dfe8b7,1f983e8a-7db1-4374-8fb1-7e8a432a967e,ebd3b042-49ca-42aa-91c6-dcc72f725ab1
a6970168-65c7-49aa-8429-c2230ec69003,7e249a64-9f13-47d3-a232-562a3d080198,e152a861-bc91-59e6-bbfa-8c11e1bb9bd4
a6970168-65c7-49aa-8429-c2230ec69003,1f983e8a-7db1-4374-8fb1-7e8a432a967e,21c1fe82-1b48-46b3-8df8-6bddcbb2d92e
a6970168-65c7-49aa-8429-c2230ec69003,1f983e8a-7db1-4374-8fb1-7e8a432a967e,2c20a948-5bc4-4da3-9b6e-a87027fe1026
a6970168-65c7-49aa-8429-c2230ec69003,1f983e8a-7db1-4374-8fb1-7e8a432a967e,8ea0afa5-1e03-4bcd-a884-9c09e2498bca
a6fa4ee6-34d4-4a7c-9f52-d9df85cc5985,7e249a64-9f13-47d3-a232-562a3d080198,212263aa-6638-5920-8c65-e97c4736a2d2
a6fa4ee6-34d4-4a7c-9f52-d9df85cc5985,7d11b956-0014-43be-9a3e-f89e2b31ec4f,65f62d48-a12c-42f6-a4e6-ad69ff713444
a87dc0c2-7f04-4e33-95eb-750bbbeb5dbd,7e249a64-9f13-47d3-a232-562a3d080198,232824d9-80b9-5c06-92cb-dc7e14c07ab7
a87dc0c2-7f04-4e33-95eb-750bbbeb5dbd,7d11b956-0014-43be-9a3e-f89e2b31ec4f,6ad1434d-56f4-437b-a580-c41c3bf901a6
a87dc0c2-7f04-4e33-95eb-750bbbeb5dbd,7d11b956-0014-43be-9a3e-f89e2b31ec4f,1c59d6d4-6324-4f82-92d5-61e4cf5e8d08
a9442d42-4cf5-4b2a-bc83-cdc9e0dbfbd3,7e249a64-9f13-47d3-a232-562a3d080198,e5701937-ecf3-537b-92dc-d3415fedbdaa
a9442d42-4cf5-4b2a-bc83-cdc9e0dbfbd3,1f983e8a-7db1-4374-8fb1-7e8a432a967e,2ebbbc2c-8859-4909-8fb3-55545467642d
a9442d42-4cf5-4b2a-bc83-cdc9e0dbfbd3,1f983e8a-7db1-4374-8fb1-7e8a432a967e,8ea0afa5-1e03-4bcd-a884-9c09e2498bca
a9442d42-4cf5-4b2a-bc83-cdc9e0dbfbd3,1f983e8a-7db1-4374-8fb1-7e8a432a967e,80ff5ac6-d73a-465c-a3eb-e133b7f3d9a4
a980b931-9769-4975-847a-5d81405b213b,7e249a64-9f13-47d3-a232-562a3d080198,c37bb10c-96d3-5039-9612-6cd415ce6a23
a980b931-9769-4975-847a-5d81405b213b,1f983e8a-7db1-4374-8fb1-7e8a432a967e,130e95f1-ebc4-46f1-90ba-3f9fa21cb77b
a980b931-9769-4975-847a-5d81405b213b,1f983e8a-7db1-4374-8fb1-7e8a432a967e,2c20a948-5bc4-4da3-9b6e-a87027fe1026
a980b931-9769-4975-847a-5d81405b213b,1f983e8a-7db1-4374-8fb1-7e8a432a967e,7be2a6bd-cdd1-4730-a1a5-3540aae7f139
adb7bb49-78ed-4e0a-9673-afe45d381f04,7e249a64-9f13-47d3-a232-562a3d080198,39b9a0d5-f692-55ff-991e-8f943754da6c
adb7bb49-78ed-4e0a-9673-afe45d381f04,7d11b956-0014-43be-9a3e-f89e2b31ec4f,16cc47aa-c8b9-42fb-8aa8-caf1b765c3a4
adb7bb49-78ed-4e0a-9673-afe45d381f04,7d11b956-0014-43be-9a3e-f89e2b31ec4f,f8a515a7-1237-4a11-9915-a075da750105
adb7bb49-78ed-4e0a-9673-afe45d381f04,7d11b956-0014-43be-9a3e-f89e2b31ec4f,0caf53a6-6642-4067-94c4-5d240d307d90
af99cda1-e45a-4f11-a5b1-4ad73bbc959a,7e249a64-9f13-47d3-a232-562a3d080198,58fe8f60-7ba0-58ba-bee7-8a9bdda65f63
af99cda1-e45a-4f11-a5b1-4ad73bbc959a,1f983e8a-7db1-4374-8fb1-7e8a432a967e,515a7453-0189-4147-8b4b-5b419e651adb
b0432482-12dc-432c-ac56-828da404fb14,7e249a64-9f13-47d3-a232-562a3d080198,aa5b543d-1221-5ce9-aa20-6ed47d79fdf4
b0432482-12dc-432c-ac56-828da404fb14,7d11b956-0014-43be-9a3e-f89e2b31ec4f,fabc65fd-5fe0-4f68-87bb-b4eb93eb2f1b
b2471599-92bc-494d-8108-6be9895128a7,7e249a64-9f13-47d3-a232-562a3d080198,c99d8861-1c48-5bde-96c3-c95dcb2419aa
b2471599-92bc-494d-8108-6be9895128a7,1f983e8a-7db1-4374-8fb1-7e8a432a967e,07d5cfb9-1dc5-41ca-bd9c-a298a16e6767
b3b33e0d-bdb4-42f6-a39a-2b99e8e7163c,7e249a64-9f13-47d3-a232-562a3d080198,6bf3f105-9764-51f5-96d3-e21be73b8822
b3b33e0d-bdb4-42f6-a39a-2b99e8e7163c,7d11b956-0014-43be-9a3e-f89e2b31ec4f,a3deeac0-8add-4ca6-a761-4e0255706cb0
b3b33e0d-bdb4-42f6-a39a-2b99e8e7163c,7d11b956-0014-43be-9a3e-f89e2b31ec4f,81ab8276-e2e3-41f9-9123-59e202cd70f6
b5b606ea-c1a9-4cc0-9217-63979c082f5b,7e249a64-9f13-47d3-a232-562a3d080198,e1a863ad-e5c8-5617-85b9-fc432c233330
b5b606ea-c1a9-4cc0-9217-63979c082f5b,7d11b956-0014-43be-9a3e-f89e2b31ec4f,6ab409ca-57a7-4daa-8da4-8d68945c4460
b5b606ea-c1a9-4cc0-9217-63979c082f5b,7d11b956-0014-43be-9a3e-f89e2b31ec4f,cd887fc6-ed0f-418f-b209-8a20d04f2d16
b5b606ea-c1a9-4cc0-9217-63979c082f5b,7d11b956-0014-43be-9a3e-f89e2b31ec4f,62c4e791-099b-49b3-a665-a74731e49d78
b7fa66e2-abd4-488f-9340-3cd9420d4a9f,7e249a64-9f13-47d3-a232-562a3d080198,6ed0fd66-d21c-57e1-a360-72a39d697d6e
b7fa66e2-abd4-488f-9340-3cd9420d4a9f,1f983e8a-7db1-4374-8fb1-7e8a432a967e,024708e6-3fd4-438c-8585-b74637b9dd06
ba16eba2-2a1e-46d3-913a-5826b5b2abc8,7e249a64-9f13-47d3-a232-562a3d080198,15e6c98f-7d7b-5390-ad1c-9f03fbf23a86
ba16eba2-2a1e-46d3-913a-5826b5b2abc8,1f983e8a-7db1-4374-8fb1-7e8a432a967e,bf06e797-5d00-4d7f-8737-4d7e2c709013
ba210fe2-cb0d-4c39-b0a2-84ea734af444,7e249a64-9f13-47d3-a232-562a3d080198,4a101e5a-4e6b-5715-b1b4-1e55f8aaa727
ba210fe2-cb0d-4c39-b0a2-84ea734af444,7d11b956-0014-43be-9a3e-f89e2b31ec4f,febe31ec-15f4-4841-a0f7-8034e5a1e08b
bad5b7e0-8a1a-46e2-8e52-23948bad1698,7e249a64-9f13-47d3-a232-562a3d080198,18c12208-1a70-5b5a-b302-af720e1e6a36
bad5b7e0-8a1a-46e2-8e52-23948bad1698,1f983e8a-7db1-4374-8fb1-7e8a432a967e,f9d69eb8-9ab7-44da-b9d0-8256de2b4497
bad5b7e0-8a1a-46e2-8e52-23948bad1698,1f983e8a-7db1-4374-8fb1-7e8a432a967e,5d725880-4682-4cba-bc88-e5dde5ba3647
bb1d073f-9de7-483b-9b78-b5d299d51b35,7e249a64-9f13-47d3-a232-562a3d080198,8114e989-e8b1-566c-999e-dcbe6c2055fa
bb1d073f-9de7-483b-9b78-b5d299d51b35,7d11b956-0014-43be-9a3e-f89e2b31ec4f,c00d4221-b97a-4bdb-8bd6-f7abdcebcc21
bb1d073f-9de7-483b-9b78-b5d299d51b35,7d11b956-0014-43be-9a3e-f89e2b31ec4f,4b400cd1-224d-4358-9239-d060dcc8ffb2
bb6f6d3f-1ed1-41ab-942c-6b3667c5da37,7e249a64-9f13-47d3-a232-562a3d080198,8960f1b8-c22a-516d-9a43-95cc58a03fe8
bb6f6d3f-1ed1-41ab-942c-6b3667c5da37,7d11b956-0014-43be-9a3e-f89e2b31ec4f,4a8cba08-035c-4902-935b-26da61ed282c
bbdadac6-65c2-4a03-9f74-9784b916378e,7e249a64-9f13-47d3-a232-562a3d080198,23f041c3-638d-574b-a4e5-a6b077194c2f
bbdadac6-65c2-4a03-9f74-9784b916378e,7d11b956-0014-43be-9a3e-f89e2b31ec4f,93d2b473-f654-448f-a0ce-2bc1d6a3aec5
bccc14b3-e12b-4ec1-91b2-d5533ce4a886,7e249a64-9f13-47d3-a232-562a3d080198,7da72257-da21-5782-ac6d-f36de5519354
bccc14b3-e12b-4ec1-91b2-d5533ce4a886,1f983e8a-7db1-4374-8fb1-7e8a432a967e,3f05741d-65af-4fcd-b8cd-8c608fcf1715
bcce4936-4387-454a-bf3b-2a7f51798f21,7e249a64-9f13-47d3-a232-562a3d080198,e87d8522-8540-5603-9a03-355f6f718cd5
bcce4936-4387-454a-bf3b-2a7f51798f21,7d11b956-0014-43be-9a3e-f89e2b31ec4f,f23b03a1-b220-42c3-950f-52be336e33fe
befbebe7-5d03-4788-b6d5-f3ec513f0df4,7e249a64-9f13-47d3-a232-562a3d080198,a6bd7298-0379-5ba6-82cf-0e320a4ddf49
befbebe7-5d03-4788-b6d5-f3ec513f0df4,7d11b956-0014-43be-9a3e-f89e2b31ec4f,fabc65fd-5fe0-4f68-87bb-b4eb93eb2f1b
bf06e797-5d00-4d7f-8737-4d7e2c709013,7e249a64-9f13-47d3-a232-562a3d080198,6bcbed78-397b-5869-b505-613db4cfc39d
bf06e797-5d00-4d7f-8737-4d7e2c709013,1f983e8a-7db1-4374-8fb1-7e8a432a967e,7fd5d2ab-a4f2-443b-bdf9-6695fa55c01f
bf06e797-5d00-4d7f-8737-4d7e2c709013,1f983e8a-7db1-4374-8fb1-7e8a432a967e,3603c6e0-605b-48a0-ad84-47c17d98bf6b
bfd6843b-e61d-4cea-a2fb-cbce2280883a,7e249a64-9f13-47d3-a232-562a3d080198,0e3ead10-d962-5e75-87c3-c6982113d476
bfd6843b-e61d-4cea-a2fb-cbce2280883a,7d11b956-0014-43be-9a3e-f89e2b31ec4f,17f56403-3bbe-4529-b72e-dc47793983b9
c00d4221-b97a-4bdb-8bd6-f7abdcebcc21,7e249a64-9f13-47d3-a232-562a3d080198,20e4d554-a495-53ae-ba5b-bf51447d0d78
c00d4221-b97a-4bdb-8bd6-f7abdcebcc21,7d11b956-0014-43be-9a3e-f89e2b31ec4f,fabc65fd-5fe0-4f68-87bb-b4eb93eb2f1b
c0ca71fd-5151-421a-9458-c7cd6125746a,7e249a64-9f13-47d3-a232-562a3d080198,96073c80-417b-55fe-b2dd-07ac6691827f
c0ca71fd-5151-421a-9458-c7cd6125746a,7d11b956-0014-43be-9a3e-f89e2b31ec4f,befbebe7-5d03-4788-b6d5-f3ec513f0df4
c0ca71fd-5151-421a-9458-c7cd6125746a,7d11b956-0014-43be-9a3e-f89e2b31ec4f,b0432482-12dc-432c-ac56-828da404fb14
c26908a0-5b98-4ec0-ad81-1198300bd09d,7e249a64-9f13-47d3-a232-562a3d080198,e20c0a38-3b6f-5b73-ae09-92cc87884f18
c26908a0-5b98-4ec0-ad81-1198300bd09d,1f983e8a-7db1-4374-8fb1-7e8a432a967e,a5e5fe62-9d87-422e-bd87-f56cab26f2f6
c4f76131-66f2-4b09-bfb0-6a1aec1a5c51,7e249a64-9f13-47d3-a232-562a3d080198,89b9c0c9-a2bf-5893-b167-a725e145d73e
c4f76131-66f2-4b09-bfb0-6a1aec1a5c51,7d11b956-0014-43be-9a3e-f89e2b31ec4f,1934d6d0-944a-4d15-82fb-1c518cc4caae
c904af87-8122-4e94-a39a-ca9ca79b0ca1,7e249a64-9f13-47d3-a232-562a3d080198,e49d00d0-2dcf-57c1-8b07-39b3a6ad476d
c904af87-8122-4e94-a39a-ca9ca79b0ca1,7d11b956-0014-43be-9a3e-f89e2b31ec4f,a3950bdd-ee55-4ef1-82f5-432181902751
c904af87-8122-4e94-a39a-ca9ca79b0ca1,7d11b956-0014-43be-9a3e-f89e2b31ec4f,81ab8276-e2e3-41f9-9123-59e202cd70f6
c91122bc-9e29-4ef3-80a1-6061513c195d,7e249a64-9f13-47d3-a232-562a3d080198,9a53a6d9-0ccc-5e81-a712-36862b13c22c
c91122bc-9e29-4ef3-80a1-6061513c195d,7d11b956-0014-43be-9a3e-f89e2b31ec4f,f6a45033-f1ae-4733-851f-5c4b451c6d45
c91122bc-9e29-4ef3-80a1-6061513c195d,7d11b956-0014-43be-9a3e-f89e2b31ec4f,16cc47aa-c8b9-42fb-8aa8-caf1b765c3a4
c951c5a0-4228-4c90-af97-38be3a1cd2a4,7e249a64-9f13-47d3-a232-562a3d080198,f94a8adf-d196-585f-b786-793a96c643a5
c951c5a0-4228-4c90-af97-38be3a1cd2a4,1f983e8a-7db1-4374-8fb1-7e8a432a967e,af99cda1-e45a-4f11-a5b1-4ad73bbc959a
c951c5a0-4228-4c90-af97-38be3a1cd2a4,1f983e8a-7db1-4374-8fb1-7e8a432a967e,f19c97e0-861a-40e9-94f4-04ef71d49bdd
cc965f1b-26da-4230-b653-752e764add9e,7e249a64-9f13-47d3-a232-562a3d080198,03f0ca5e-8b8f-5f3d-8ae6-9ec895f02e93
cc965f1b-26da-4230-b653-752e764add9e,7d11b956-0014-43be-9a3e-f89e2b31ec4f,55a846ab-d7c0-4b94-86f2-1a17ed3c59e0
cc965f1b-26da-4230-b653-752e764add9e,7d11b956-0014-43be-9a3e-f89e2b31ec4f,483944bf-ec3b-4daf-a838-a9e0eaf67b75
cc965f1b-26da-4230-b653-752e764add9e,7d11b956-0014-43be-9a3e-f89e2b31ec4f,27cca0db-6a93-4720-881c-1a27a08e8275
cd887fc6-ed0f-418f-b209-8a20d04f2d16,7e249a64-9f13-47d3-a232-562a3d080198,175d9b2a-238d-5b25-a542-d46af126d364
cd887fc6-ed0f-418f-b209-8a20d04f2d16,7d11b956-0014-43be-9a3e-f89e2b31ec4f,55a846ab-d7c0-4b94-86f2-1a17ed3c59e0
cd887fc6-ed0f-418f-b209-8a20d04f2d16,7d11b956-0014-43be-9a3e-f89e2b31ec4f,e9597740-d4f6-4a71-a820-054eea06547e
cf9e810f-6717-4c60-a659-b7f1c2ac6819,7e249a64-9f13-47d3-a232-562a3d080198,67866e80-dc38-53db-aa4b-bf6956877397
cf9e810f-6717-4c60-a659-b7f1c2ac6819,1f983e8a-7db1-4374-8fb1-7e8a432a967e,13bebbab-ce5c-4c3b-ac77-66713f303a0a
d1671586-74bf-4c53-adcc-d585940b661b,7e249a64-9f13-47d3-a232-562a3d080198,7d2a5bf8-2813-5af2-8ceb-049731506f65
d1671586-74bf-4c53-adcc-d585940b661b,7d11b956-0014-43be-9a3e-f89e2b31ec4f,fabc65fd-5fe0-4f68-87bb-b4eb93eb2f1b
d1da2671-094a-4640-9fd6-0c663b7d982b,7e249a64-9f13-47d3-a232-562a3d080198,fb1a0a03-232a-5937-84e1-7b765c50531e
d1da2671-094a-4640-9fd6-0c663b7d982b,7d11b956-0014-43be-9a3e-f89e2b31ec4f,04c18886-d1fc-4cc8-8f58-228b2b6686dc
d1da2671-094a-4640-9fd6-0c663b7d982b,7d11b956-0014-43be-9a3e-f89e2b31ec4f,46a78f8d-5470-41e3-ac04-ae68a1d55dda
d1da2671-094a-4640-9fd6-0c663b7d982b,7d11b956-0014-43be-9a3e-f89e2b31ec4f,27a3a178-836a-4b42-94b9-6dbb0031a1c0
d41c1675-8998-4796-b858-f07f1a32c520,7e249a64-9f13-47d3-a232-562a3d080198,5b42ecd3-ae8b-550d-9473-b2c4a82fc5bb
d41c1675-8998-4796-b858-f07f1a32c520,7d11b956-0014-43be-9a3e-f89e2b31ec4f,16b464c6-7a71-4734-88af-9e224b70784b
d48184f4-4c8a-4bee-8cb7-7cb055e9c08c,7e249a64-9f13-47d3-a232-562a3d080198,8e53d60a-7c7c-5f9b-b1a3-8112723b69e0
d48184f4-4c8a-4bee-8cb7-7cb055e9c08c,7d11b956-0014-43be-9a3e-f89e2b31ec4f,940fad16-3ff8-4a28-809e-7abe000ae140
d9ab8110-1437-4ac2-82b8-f6820cfa6dc4,7e249a64-9f13-47d3-a232-562a3d080198,f8db655f-30b8-5de1-96e3-c8cd6d10e794
d9ab8110-1437-4ac2-82b8-f6820cfa6dc4,1f983e8a-7db1-4374-8fb1-7e8a432a967e,248aec75-126f-4a2a-ac31-b3ad2415bb69
d9ab8110-1437-4ac2-82b8-f6820cfa6dc4,1f983e8a-7db1-4374-8fb1-7e8a432a967e,dddc968c-e4e3-4776-b227-6ec6f82160c9
da0bbcd1-9dfc-47b5-b0b4-86c4b9104f14,7e249a64-9f13-47d3-a232-562a3d080198,b39b0312-913f-5a1c-87c1-9b2b61261837
da0bbcd1-9dfc-47b5-b0b4-86c4b9104f14,7d11b956-0014-43be-9a3e-f89e2b31ec4f,1934d6d0-944a-4d15-82fb-1c518cc4caae
dabf85cb-c1e7-489b-aa66-0572dd1bd1dd,7e249a64-9f13-47d3-a232-562a3d080198,fa02ca91-ae28-5513-bdae-4bc44229b991
dabf85cb-c1e7-489b-aa66-0572dd1bd1dd,1f983e8a-7db1-4374-8fb1-7e8a432a967e,5c790afa-c116-4721-8e7c-83624d1dd4bc
dabf85cb-c1e7-489b-aa66-0572dd1bd1dd,1f983e8a-7db1-4374-8fb1-7e8a432a967e,22ff3254-a3d2-401e-bc2c-d8290558e708
dabf85cb-c1e7-489b-aa66-0572dd1bd1dd,1f983e8a-7db1-4374-8fb1-7e8a432a967e,dddc968c-e4e3-4776-b227-6ec6f82160c9
db723822-93f7-4c1d-8f17-fb094a5c10d9,7e249a64-9f13-47d3-a232-562a3d080198,0d6160c8-13f8-5725-95b6-7c8a74f8e4d1
db723822-93f7-4c1d-8f17-fb094a5c10d9,1f983e8a-7db1-4374-8fb1-7e8a432a967e,58107227-267a-4f2e-a44a-25bb61c6a455
db723822-93f7-4c1d-8f17-fb094a5c10d9,1f983e8a-7db1-4374-8fb1-7e8a432a967e,f9cb048d-a2f7-4ff6-b824-c59b44e2aabe
dbe090b4-7be7-4312-a7d8-289d5ecc565a,7e249a64-9f13-47d3-a232-562a3d080198,98a25715-fa5d-50a0-8dfc-7f8368b1dcff
dbe090b4-7be7-4312-a7d8-289d5ecc565a,7d11b956-0014-43be-9a3e-f89e2b31ec4f,48bf4338-cd99-409b-88e8-3c4d473d8fde
dd8359c4-0a2b-416a-af27-3bcb0551b41a,7e249a64-9f13-47d3-a232-562a3d080198,96e8c756-7198-55b3-a510-a7f674b661d9
dd8359c4-0a2b-416a-af27-3bcb0551b41a,1f983e8a-7db1-4374-8fb1-7e8a432a967e,e5ec5d9e-afea-44f7-93c9-699cd5072d90
dddc968c-e4e3-4776-b227-6ec6f82160c9,7e249a64-9f13-47d3-a232-562a3d080198,9adb93d1-8cf6-5f9a-871c-33d0a81ecdc6
dddc968c-e4e3-4776-b227-6ec6f82160c9,1f983e8a-7db1-4374-8fb1-7e8a432a967e,2d025173-f36f-46d5-a0fe-93e9c27ea08d
dddc968c-e4e3-4776-b227-6ec6f82160c9,1f983e8a-7db1-4374-8fb1-7e8a432a967e,4e4a8a47-3a4c-44b9-83cc-96a11041172a
e5ec5d9e-afea-44f7-93c9-699cd5072d90,7e249a64-9f13-47d3-a232-562a3d080198,ba93796a-c576-57ef-b307-64d3c7bf5324
e7e9e543-5ec8-4325-9c14-f861930ee401,7e249a64-9f13-47d3-a232-562a3d080198,dca35232-45a4-572a-bed9-83a84375de69
e7e9e543-5ec8-4325-9c14-f861930ee401,7d11b956-0014-43be-9a3e-f89e2b31ec4f,66f9dfd3-2af7-44ce-8d01-6dbce8558a47
e7e9e543-5ec8-4325-9c14-f861930ee401,7d11b956-0014-43be-9a3e-f89e2b31ec4f,174249f8-33f8-4998-b81a-bda093659982
e7e9e543-5ec8-4325-9c14-f861930ee401,7d11b956-0014-43be-9a3e-f89e2b31ec4f,0caf53a6-6642-4067-94c4-5d240d307d90
e9597740-d4f6-4a71-a820-054eea06547e,7e249a64-9f13-47d3-a232-562a3d080198,8f068a04-17b1-5366-a60f-0e9b8d3bfc0f
e9597740-d4f6-4a71-a820-054eea06547e,7d11b956-0014-43be-9a3e-f89e2b31ec4f,4b400cd1-224d-4358-9239-d060dcc8ffb2
e9597740-d4f6-4a71-a820-054eea06547e,7d11b956-0014-43be-9a3e-f89e2b31ec4f,c0ca71fd-5151-421a-9458-c7cd6125746a
eb620bb7-652e-45ef-bc04-31f7d7c5ee10,7e249a64-9f13-47d3-a232-562a3d080198,16708fa6-419f-57c8-899a-982364d66909
eb620bb7-652e-45ef-bc04-31f7d7c5ee10,1f983e8a-7db1-4374-8fb1-7e8a432a967e,58107227-267a-4f2e-a44a-25bb61c6a455
eb620bb7-652e-45ef-bc04-31f7d7c5ee10,1f983e8a-7db1-4374-8fb1-7e8a432a967e,2878273d-20f6-434e-8aa9-99764432fd03
ebd3b042-49ca-42aa-91c6-dcc72f725ab1,7e249a64-9f13-47d3-a232-562a3d080198,02524087-b7ee-5972-8229-1a13e650930b
ebd3b042-49ca-42aa-91c6-dcc72f725ab1,1f983e8a-7db1-4374-8fb1-7e8a432a967e,8c49494d-9064-49e8-b56f-1cd9b46be261
ee59b427-6b70-4dad-be46-5f53abdc566d,7e249a64-9f13-47d3-a232-562a3d080198,39fef28c-a40f-505f-b0f1-41f402096a8e
ee59b427-6b70-4dad-be46-5f53abdc566d,1f983e8a-7db1-4374-8fb1-7e8a432a967e,23fad947-1de7-418e-8d9d-c593bbb1a61e
ee5bfb21-1a52-4e7a-ac5a-9389353a4c7f,7e249a64-9f13-47d3-a232-562a3d080198,fb68d78c-3bf2-575c-9a0f-73ccb1fa59ee
ee5bfb21-1a52-4e7a-ac5a-9389353a4c7f,7d11b956-0014-43be-9a3e-f89e2b31ec4f,bb6f6d3f-1ed1-41ab-942c-6b3667c5da37
efbfe0f6-376d-4461-9f47-f4823d8a426b,7e249a64-9f13-47d3-a232-562a3d080198,2a0cf3ec-3afd-5350-890e-974a5066c126
efbfe0f6-376d-4461-9f47-f4823d8a426b,7d11b956-0014-43be-9a3e-f89e2b31ec4f,17b9a165-a969-4871-8a7d-2b9b6c7c6168
f19c97e0-861a-40e9-94f4-04ef71d49bdd,7e249a64-9f13-47d3-a232-562a3d080198,03f5ddfd-ee49-55fb-9458-ea7b610a7fb9
f19c97e0-861a-40e9-94f4-04ef71d49bdd,1f983e8a-7db1-4374-8fb1-7e8a432a967e,515a7453-0189-4147-8b4b-5b419e651adb
f19c97e0-861a-40e9-94f4-04ef71d49bdd,1f983e8a-7db1-4374-8fb1-7e8a432a967e,3603c6e0-605b-48a0-ad84-47c17d98bf6b
f19c97e0-861a-40e9-94f4-04ef71d49bdd,1f983e8a-7db1-4374-8fb1-7e8a432a967e,d9ab8110-1437-4ac2-82b8-f6820cfa6dc4
f235e2b3-d6d8-4f89-93b3-d13121872563,7e249a64-9f13-47d3-a232-562a3d080198,9a7cf6c3-6155-54d5-a6ba-ec838196adbb
f235e2b3-d6d8-4f89-93b3-d13121872563,1f983e8a-7db1-4374-8fb1-7e8a432a967e,f9d69eb8-9ab7-44da-b9d0-8256de2b4497
f23b03a1-b220-42c3-950f-52be336e33fe,7e249a64-9f13-47d3-a232-562a3d080198,f08d5fe2-5d0c-5f81-adcd-ebcbc21f1fba
f23b03a1-b220-42c3-950f-52be336e33fe,7d11b956-0014-43be-9a3e-f89e2b31ec4f,fabc65fd-5fe0-4f68-87bb-b4eb93eb2f1b
f5ac9254-2b93-4ed7-b89e-70994842b438,7e249a64-9f13-47d3-a232-562a3d080198,7f25b606-0552-58f9-8ccf-62d71c4e321f
f5ac9254-2b93-4ed7-b89e-70994842b438,1f983e8a-7db1-4374-8fb1-7e8a432a967e,f9cb048d-a2f7-4ff6-b824-c59b44e2aabe
f6a45033-f1ae-4733-851f-5c4b451c6d45,7e249a64-9f13-47d3-a232-562a3d080198,d7ca61bf-c1c2-5cc8-b50e-fcc962490d4a
f6a45033-f1ae-4733-851f-5c4b451c6d45,7d11b956-0014-43be-9a3e-f89e2b31ec4f,41489e64-4d2e-4bef-b89f-a593cab8febb
f8a515a7-1237-4a11-9915-a075da750105,7e249a64-9f13-47d3-a232-562a3d080198,6fbb9900-5009-57bf-96b3-1a2c1724b84b
f8a515a7-1237-4a11-9915-a075da750105,7d11b956-0014-43be-9a3e-f89e2b31ec4f,6beb4515-89e8-4bce-9318-77935200f9bb
f8a515a7-1237-4a11-9915-a075da750105,7d11b956-0014-43be-9a3e-f89e2b31ec4f,0b2bf9d2-ded9-498d-b2c4-3131af57b4bf
f916a5ea-6de0-4b3d-bd0a-5215421d10a8,7e249a64-9f13-47d3-a232-562a3d080198,cd3e6a56-9e73-53ea-8495-9fa01a650ec9
f916a5ea-6de0-4b3d-bd0a-5215421d10a8,7d11b956-0014-43be-9a3e-f89e2b31ec4f,998230cf-1822-4000-bd58-9790845f12da
f9cb048d-a2f7-4ff6-b824-c59b44e2aabe,7e249a64-9f13-47d3-a232-562a3d080198,78ed9650-e5b1-5e21-b4ae-9722982ca899
f9cb048d-a2f7-4ff6-b824-c59b44e2aabe,1f983e8a-7db1-4374-8fb1-7e8a432a967e,13bebbab-ce5c-4c3b-ac77-66713f303a0a
f9d69eb8-9ab7-44da-b9d0-8256de2b4497,7e249a64-9f13-47d3-a232-562a3d080198,a38a618d-86f2-52ee-abf2-03feefe10c7d
f9d69eb8-9ab7-44da-b9d0-8256de2b4497,1f983e8a-7db1-4374-8fb1-7e8a432a967e,f9cb048d-a2f7-4ff6-b824-c59b44e2aabe
f9ed3970-9141-471d-82e6-536e32fb6064,7e249a64-9f13-47d3-a232-562a3d080198,19525f7d-df02-5c1e-9fdc-1b75b73c0f80
f9ed3970-9141-471d-82e6-536e32fb6064,1f983e8a-7db1-4374-8fb1-7e8a432a967e,3badd42d-b024-4359-a0dd-67a49cc15fbf
fa589df8-5b75-4b5a-97e5-19d27f6801df,7e249a64-9f13-47d3-a232-562a3d080198,db4e6ae3-fb78-54d6-b068-84c1ae0cd293
fa589df8-5b75-4b5a-97e5-19d27f6801df,7d11b956-0014-43be-9a3e-f89e2b31ec4f,3ae0e22b-31b9-48a2-8ee1-c7d2a9666b00
fa589df8-5b75-4b5a-97e5-19d27f6801df,7d11b956-0014-43be-9a3e-f89e2b31ec4f,b0432482-12dc-432c-ac56-828da404fb14
fabc65fd-5fe0-4f68-87bb-b4eb93eb2f1b,7e249a64-9f13-47d3-a232-562a3d080198,02183881-7082-5730-945d-7cfdd376c83a
fabc65fd-5fe0-4f68-87bb-b4eb93eb2f1b,7d11b956-0014-43be-9a3e-f89e2b31ec4f,bb6f6d3f-1ed1-41ab-942c-6b3667c5da37
fac26d85-dd15-4d71-a259-b52782b21074,7e249a64-9f13-47d3-a232-562a3d080198,57d64f3c-5d3b-5e48-a416-edd46dce9d49
fac26d85-dd15-4d71-a259-b52782b21074,1f983e8a-7db1-4374-8fb1-7e8a432a967e,f9d69eb8-9ab7-44da-b9d0-8256de2b4497
fac26d85-dd15-4d71-a259-b52782b21074,1f983e8a-7db1-4374-8fb1-7e8a432a967e,248aec75-126f-4a2a-ac31-b3ad2415bb69
fc9185a7-9137-4150-b313-3def1dee1ae6,7e249a64-9f13-47d3-a232-562a3d080198,8c0ac68e-c7a1-50b8-8f30-b8084439c3ab
fc9185a7-9137-4150-b313-3def1dee1ae6,1f983e8a-7db1-4374-8fb1-7e8a432a967e,545b4541-8a34-46b8-8704-2265be0244c3
fc91cd5a-97f5-4748-8329-aeed9d1c7966,7e249a64-9f13-47d3-a232-562a3d080198,895429f5-ec9b-56f5-a056-ee5e10e1efb4
fc91cd5a-97f5-4748-8329-aeed9d1c7966,7d11b956-0014-43be-9a3e-f89e2b31ec4f,46a78f8d-5470-41e3-ac04-ae68a1d55dda
fc91cd5a-97f5-4748-8329-aeed9d1c7966,7d11b956-0014-43be-9a3e-f89e2b31ec4f,634771cd-ca38-47e5-807d-fef99f8ee5d5
fc91cd5a-97f5-4748-8329-aeed9d1c7966,7d11b956-0014-43be-9a3e-f89e2b31ec4f,c904af87-8122-4e94-a39a-ca9ca79b0ca1
fcae9992-8838-447e-a530-5f63aab304b2,7e249a64-9f13-47d3-a232-562a3d080198,5efa2f5e-5f8b-5e1c-93c6-77327c916e5f
fcae9992-8838-447e-a530-5f63aab304b2,1f983e8a-7db1-4374-8fb1-7e8a432a967e,f9d69eb8-9ab7-44da-b9d0-8256de2b4497
fcae9992-8838-447e-a530-5f63aab304b2,1f983e8a-7db1-4374-8fb1-7e8a432a967e,af99cda1-e45a-4f11-a5b1-4ad73bbc959a
fd536c7a-ab53-4706-9184-19df9f7d3098,7e249a64-9f13-47d3-a232-562a3d080198,e5fdb184-b016-5211-9c3c-2328d21b4ba1
fd536c7a-ab53-4706-9184-19df9f7d3098,7d11b956-0014-43be-9a3e-f89e2b31ec4f,3ddc2ed0-22cb-4a5c-b71b-02f354ea3568
febe31ec-15f4-4841-a0f7-8034e5a1e08b,7e249a64-9f13-47d3-a232-562a3d080198,b685f999-37d7-50eb-a588-7349fabdc21b
febe31ec-15f4-4841-a0f7-8034e5a1e08b,7d11b956-0014-43be-9a3e-f89e2b31ec4f,4a8cba08-035c-4902-935b-26da61ed282c
ff161f9f-ba65-4a71-9728-9bda738e7371,7e249a64-9f13-47d3-a232-562a3d080198,6ea7213e-5676-5e27-be9c-0c68537e2767
ff161f9f-ba65-4a71-9728-9bda738e7371,7d11b956-0014-43be-9a3e-f89e2b31ec4f,c904af87-8122-4e94-a39a-ca9ca79b0ca1
ff161f9f-ba65-4a71-9728-9bda738e7371,7d11b956-0014-43be-9a3e-f89e2b31ec4f,27a3a178-836a-4b42-94b9-6dbb0031a1c0
ff452b29-06ab-49fd-9eab-0dd822be48fe,7e249a64-9f13-47d3-a232-562a3d080198,68475f23-7c19-5550-a934-06175c7a8c5e
ff452b29-06ab-49fd-9eab-0dd822be48fe,1f983e8a-7db1-4374-8fb1-7e8a432a967e,2a7e347e-870a-40ef-974d-5f7d2565fb33
ff452b29-06ab-49fd-9eab-0dd822be48fe,1f983e8a-7db1-4374-8fb1-7e8a432a967e,024708e6-3fd4-438c-8585-b74637b9dd06
