f0581ffd-b533-5d5d-9da1-02fe91e15b76,position
544eb710-be7c-5b34-8de7-f16156fbdeca,state_of_socially_constructed_object
0165b061-dc7d-5965-826d-03c28475a734,class_of_state_of_person
cd298cd6-2208-56bc-83b9-4b16094f8581,kind_of_biological_object
dd82c7b8-4eda-5baf-9837-2622c3f31ddb,class_of_point_in_time
c8fd011e-1c18-5fc9-93d9-08af2a6fd210,association
18ee863f-a58d-53e9-b291-af77a2bc5301,identification_of_physical_quantity
0203de48-a8e3-5802-8a09-93bc10f75c5f,class_of_functional_system_component
eab5bcbe-b6de-53d9-b3e1-fdee02a2eaf0,class_of_state_of_physical_object
dad8a1a6-f0e3-5b69-8b04-7a5a9224ab46,class_of_state_of_ordinary_physical_object
6cd80687-e40b-5849-a818-1ce4ccc9b254,class_of_organization_component
3abde766-4f3a-550e-8a61-fc63cfb68f7c,employment
34102f90-aec4-5434-9e5d-9a1910184c99,class_of_state_of_biological_system_component
7565b3ee-d341-5a05-bb77-29192bceb7d2,class_of_event
5f9589c3-555e-588b-9761-5b468ad3838d,functional_object
4f5be012-5cc5-5b96-92db-c38632b45a8b,state
15ee8576-cec2-5abb-91ff-145ad20301ff,price
08eacc33-0f35-5e09-8c15-7d9ade4c0db8,acceptance_of_offer_for_goods
3be488e6-7b68-5a8f-8694-8a5b0df6ad28,money_asset
41396e9d-0b4a-50bd-b3ee-853c0f11e5b8,class_of_activity
edc389a9-83ae-5510-a1b1-0bd357bcac5f,class_of_installed_object
35252132-f964-5b66-8068-7e3605a1b19d,class_of_person
e8adff29-91ee-5d58-970a-a798ba994cc4,sales_product_version
8f50f8cd-dcac-56df-88cf-f7ad1bfb3b79,class_of_biological_object
d88a5d55-9241-57a2-9dca-141a8db9b0bd,class_of_sign
33a625a0-27f8-59e6-9316-14721a88a256,representation_by_pattern
979efdc5-550b-5a6f-8cd7-d50b0612ff62,class_of_sales_product_instance
6009ce7d-5dae-5a42-a4a1-f0f2b1eacca1,abstract_object
35850982-e46a-5483-9264-6bec5c040c9c,kind_of_organization_component
40f27b1d-ab69-5ebf-b93e-e6d9f56d8f0c,state_of_ordinary_physical_object
db15bc96-e940-5193-8dc8-3479a7bf5562,kind_of_relationship_with_signature
dca4fb0a-0b4e-5987-aa9a-3dd2c27cf8aa,class_of_party
d08754c0-1e6a-5794-8d3c-7cbf82cfb1a0,installed_functional_system_component
fd7be0f2-6e22-57d4-8978-ee6020312c91,exchange_of_goods_and_money
4a9c35d9-d2c1-5036-bc41-aa57678e3d1c,biological_object
b093fb83-ecbd-5daf-8596-72c2303804c0,person_in_position
86476146-990a-54cb-90d7-9996645cc111,ordinary_functional_object
4da8af28-c43e-551e-aff6-669c58cbc4cc,state_of_position
a1cf37f8-ca88-5c80-b3cd-e6a9958ea5e0,defined_relationship
38f9c203-86de-5c21-b3de-ee666fa70913,function_
2bdd7c5a-fd7b-5bae-a602-5bbc20935722,state_of_party
fa1de115-0a15-5a26-b31d-ec8a39b9f4a0,enumerated_class
0cd7517d-419e-52be-96a8-72314a1052a6,kind_of_biological_system_component
30e29151-9232-5487-ae53-db25036e2eec,kind_of_ordinary_physical_object
2337e7c9-f0f7-5c51-9718-9447ce5349f5,kind_of_physical_object
249b6742-1265-5db1-84a8-bb05f32a65ec,state_of_intentionally_constructed_object
6e5b11d8-a001-5682-8c2e-af9eb43c618e,state_of_activity
3166eb05-a4a4-5646-ae60-cb281c187d9c,contract_process
0ec0c2b0-bc26-5014-a0cf-57caa61ab5ca,system_component
3be0b2f3-a2b1-56ea-b17e-b07c863ad780,ordinary_physical_object
2edecf34-7dc5-5ac8-a9b3-5b8c1c100b60,installed_object
32ecc77a-429c-52f9-8640-8e589802b25a,class_of_class_of_spatio_temporal_extent
b6e81c03-cbf6-5317-9041-e915eb5927a5,owner
85150212-a4ca-5b7f-93e5-befb0f9b7a58,socially_constructed_object
83d3b431-245e-5065-9624-54657a089684,class_of_period_of_time
425820dc-9c59-5ce6-a63c-6feae5a8da53,kind_of_physical_quantity
0195f3d2-19a9-5f1b-9a6d-ff4855dc21f0,offer
bf46eb41-41ad-5f64-86ad-9250042ff115,class_of_physical_object
d4604f3f-ca0c-53c8-8c53-ba7f96d9b84c,physical_property
bfbd41f9-2e95-56bf-bea6-2c7ef5214a8f,state_of_ordinary_functional_object
a7e6eba2-eed7-5f1c-b2c2-c9d1d5c9f3f3,transfer_of_ownership
9edc6f71-2661-5487-a194-b747f139a0b7,kind_of_biological_system
330a82bf-1f82-54ab-b12c-59af19d01be2,offering
fc59e9f5-6ce7-542a-b091-10fd80a9b77e,class_of_state_of_organization_component
0cd6b947-f9ad-590c-b8d1-7a93dc96a8f3,class_of_offer
51f3a25f-719e-5d6c-990c-bae060019faa,product_offering
a8e2a8bd-6032-5fb0-aa8d-821c8d86eef3,state_of_association
1e596e9f-8203-515b-9ffd-83c9bda78eb3,class_of_physical_quantity
f1a57852-0172-562e-a08c-4a67ed3a7176,state_of_system_component
954800f8-1d3f-574b-ab1e-6e6d78b0db3d,sale_of_goods
d5e33528-8c13-5fa8-8813-4def08d45594,class_of_ordinary_biological_object
721c74bd-11d6-50d1-9be2-a209da83843d,requirement
a95ff7a8-e171-592c-a465-f87f2289dad7,class_of_functional_object
61d0f002-fd65-5c5a-b365-5a8bbda076d6,class_of_state_of_party
4f0bf1e6-ae17-57f2-bf3c-c5d7db19fb76,state_of_functional_object
b1497d59-a459-5fd2-8aee-14fb12a1ec08,class_of_socially_constructed_activity
f43efcd6-21ef-58b6-b6fa-7e920a0c52f4,class
6026404d-fddf-55c3-be51-306a6b510a6a,kind_of_association
15e77047-41f5-5631-8b84-71a075a979e2,class_of_state_of_socially_constructed_object
a8340297-ca5a-5372-9058-6bbe55d2c7ec,ordinary_biological_object
bb3d20ec-3850-5f45-bd6c-ad23bc503c86,employer
94a67c11-7e60-5557-8a7c-3fb7883d3b9a,sign
8d40bf1d-4c08-5c79-9d0f-98a20efd93c1,state_of_system
019c5e35-7785-5739-9776-ffecf36af64a,state_of_organization
4ec230b3-4157-57db-b4bb-72b7b20ee663,biological_system
1fdbe6d8-529b-5696-84e1-425f0bb3c17e,classification
c3e4c2ba-cff8-5569-9689-be58f1ef2bcb,event
310db7e3-6e29-5719-9520-af30e4864053,specialization
d5497d98-7227-5890-a2f5-8a5942f978f5,kind_of_intentionally_constructed_object
10c35da1-9387-509d-82b6-a39bdf64c7cd,class_of_installed_functional_system_component
410de90b-dfa9-508a-acc6-e662aca0ddf7,acceptance_of_offer
c3857771-d295-5cbd-93af-b8bad7092486,individual
baca5000-a5d5-5113-8129-ef41d588b5d6,state_of_amount_of_money
38b27976-0842-5f8f-a2e6-9718002b14ad,state_of_functional_system
05d060c1-56c3-5b67-91d7-17d14081dccc,kind_of_functional_system_component
d5da4451-4044-56c2-a961-0e65c915385c,state_of_person
2fb0c5ff-a35e-506a-b3e2-b199491aa053,kind_of_person
803b249f-66b0-567a-9f79-1a47403129c7,class_of_contract_process
166f940e-8232-52f9-84e3-a6cc44d93a01,amount_of_money
14a6d43b-88ab-5c4e-a65e-119491bc839d,kind_of_party
3e3983e0-f044-5e43-a9b1-69a36eef1c01,class_of_state_of_biological_system
f9b3aebb-324f-5607-a229-b470f4470cb8,class_of_state_of_organization
abab8141-9f3f-5f7a-a6d4-a0bc14074583,class_of_state_of_functional_system_component
6ad29684-1767-53dd-8036-1c38b15e2fce,class_of_association
2d8d98db-2d59-5c0d-be40-6cc6ed91c621,class_of_system_component
952638a1-0d45-57bc-92c5-fb134cbde755,ending_of_ownership
bd352d34-1ce4-5177-913b-930c504d07a9,state_of_organization_component
f7826127-6dd1-58fc-82ab-d5d8a26872d5,kind_of_functional_system
6f908f66-a7fd-54e1-9c65-87277361009d,class_of_state_of_sales_product_instance
0341ea8c-add6-54af-a694-03aebe329d8a,organization_component
58cd1994-2e53-5ed1-a241-58afd2fd845f,class_of_organization
0196e066-ecab-53eb-87da-960854956558,contract_execution
4823afa2-00b1-5e7b-8669-3164844a98bf,class_of_position
a445d29b-2ba7-5a46-8885-5a5d11680eba,point_in_time
215c3eb9-0cc1-564d-842d-ea953acb087a,class_of_state_of_biological_object
1d68fe59-181a-5d90-b04c-832b02c9b90d,identification
85973e55-a400-5dd7-a581-3e3d661ae52e,class_of_ordinary_functional_object
cf7bea81-194f-586d-9406-935c46cbdd78,relationship
89d3a3e3-7958-57ea-9599-c15bab2f36f3,kind_of_system_component
4e96630b-77bb-5d07-a857-1b1ec9ec24fd,class_of_state_of_amount_of_money
d4bfa0b2-1618-5024-8292-e8a081ce8a5d,plan
f11d529b-77af-567a-9715-494223f4b483,kind_of_ordinary_functional_object
31ae8c15-bcd5-5f26-8221-0deb5a6d63a8,kind_of_relationship_with_restriction
010ecc8c-842d-5180-a718-36f4a9d6311c,class_of_functional_system
c3aa6ce9-77a1-505a-a236-2bfb85a701a8,class_of_agreement_execution
3e0947c8-f450-5455-a019-2b8d08e46527,state_of_functional_system_component
1f46079b-2de2-5032-b04c-e6547e376234,class_of_state_of_sign
52fd71a5-91be-5952-b64d-a1800e95e5c4,activity
ce871693-1ca2-552a-a83b-dc28d3c5e666,state_of_ordinary_biological_object
5dfe0e43-8f28-5f7f-934c-22a292116f02,class_of_state_of_system
311be840-332f-5208-8f2f-df1ff2569f4c,ownership
e07afcc4-447a-58b4-b0e5-6949419f0ec3,class_of_state_of_functional_object
687f6449-d309-5b32-a604-4bdcffcaf1b0,class_of_agree_contract
7a6c246e-fda4-54ed-953a-31d90fc6bad6,reaching_agreement
7da29c42-5e97-51b3-b86b-1001f143a89b,kind_of_individual
17817631-3ca4-527f-bf5b-7f2363e0cb10,aggregation
406f7ff8-bff6-5769-8de7-105a756125c8,state_of_biological_system_component
38bcdd2f-7f0e-5a1f-a7f6-2f7f985887ac,agreement_process
fe71ff10-2e27-5148-9cbd-4ce2491222d1,transferee
deaa29bd-3018-505d-9394-99ba82b85ff4,class_of_participant
498438a5-1502-55cb-a27e-8f81a6322b8b,class_of_physical_property
4721b525-6811-5418-9dee-dae20e8c811e,state_of_biological_system
8d3e4e3b-5856-5564-b318-9031bfa3ad37,class_of_contract_execution
7ae1f7b3-7cb9-58a0-9495-9c952171f896,state_of_sales_product_instance
5f3df488-c281-5021-9c3d-443f282072c8,class_of_amount_of_money
5a4a9937-f7a0-57e1-a673-264780e80589,class_of_agreement_process
fa904f46-9adb-5cf8-8e8a-7e85337fea7b,sales_product_instance
da539aa0-c71a-5df5-b13f-ed096db11321,class_of_class
6bd96933-7ba6-5ca8-95c7-6aa3fd497084,definition
0d80ed0e-679d-5249-af62-467bc3d6b9a8,class_of_ordinary_physical_object
7769480c-351d-5d6a-abb5-c5085f743543,class_of_state_of_system_component
9aa34248-2f7b-5a9d-b226-db0bcd7925f4,class_of_state_of_ordinary_functional_object
83c0eec0-3257-50c4-bc76-067eeba802af,person
10788939-5f03-5c97-9d02-f5a982ce9838,possible_world
ab5f876a-ca14-58d8-8cd3-4a043d80fc92,agree_contract
628e9b17-d15f-5441-9a9a-6f7ee56cd668,scale
f2d9e10b-7c1d-59a4-9072-80bf53ddb5f6,temporal_composition
e152a861-bc91-59e6-bbfa-8c11e1bb9bd4,biological_system_component
212263aa-6638-5920-8c65-e97c4736a2d2,class_of_representation
232824d9-80b9-5c06-92cb-dc7e14c07ab7,kind_of_position
e5701937-ecf3-537b-92dc-d3415fedbdaa,in_place_biological_component
c37bb10c-96d3-5039-9612-6cd415ce6a23,functional_system_component
39b9a0d5-f692-55ff-991e-8f943754da6c,class_of_in_place_biological_component
58fe8f60-7ba0-58ba-bee7-8a9bdda65f63,state_of_language_community
aa5b543d-1221-5ce9-aa20-6ed47d79fdf4,class_of_individual
c99d8861-1c48-5bde-96c3-c95dcb2419aa,representation_by_sign
6bf3f105-9764-51f5-96d3-e21be73b8822,class_of_state_of_functional_system
e1a863ad-e5c8-5617-85b9-fc432c233330,kind_of_organization
6ed0fd66-d21c-57e1-a360-72a39d697d6e,state_of_sign
15e6c98f-7d7b-5390-ad1c-9f03fbf23a86,agreement_execution
4a101e5a-4e6b-5715-b1b4-1e55f8aaa727,class_of_relationship
18c12208-1a70-5b5a-b302-af720e1e6a36,employee
8114e989-e8b1-566c-999e-dcbe6c2055fa,class_of_state_of_socially_constructed_activity
8960f1b8-c22a-516d-9a43-95cc58a03fe8,class_of_spatio_temporal_extent
23f041c3-638d-574b-a4e5-a6b077194c2f,role
7da72257-da21-5782-ac6d-f36de5519354,transfer_of_ownership_of_money
e87d8522-8540-5603-9a03-355f6f718cd5,physical_quantity_range
a6bd7298-0379-5ba6-82cf-0e320a4ddf49,class_of_state_of_intentionally_constructed_object
6bcbed78-397b-5869-b505-613db4cfc39d,socially_constructed_activity
0e3ead10-d962-5e75-87c3-c6982113d476,description
20e4d554-a495-53ae-ba5b-bf51447d0d78,class_of_state_of_activity
96073c80-417b-55fe-b2dd-07ac6691827f,class_of_intentionally_constructed_object
e20c0a38-3b6f-5b73-ae09-92cc87884f18,offer_and_acceptance_for_goods
89b9c0c9-a2bf-5893-b167-a725e145d73e,sales_product
e49d00d0-2dcf-57c1-8b07-39b3a6ad476d,class_of_system
9a53a6d9-0ccc-5e81-a712-36862b13c22c,class_of_person_in_position
f94a8adf-d196-585f-b786-793a96c643a5,language_community
03f0ca5e-8b8f-5f3d-8ae6-9ec895f02e93,kind_of_functional_object
175d9b2a-238d-5b25-a542-d46af126d364,kind_of_socially_constructed_object
67866e80-dc38-53db-aa4b-bf6956877397,period_of_time
7d2a5bf8-2813-5af2-8ceb-049731506f65,class_of_state_of_association
fb1a0a03-232a-5937-84e1-7b765c50531e,kind_of_ordinary_biological_object
5b42ecd3-ae8b-550d-9473-b2c4a82fc5bb,kind_of_activity
8e53d60a-7c7c-5f9b-b1a3-8112723b69e0,kind_of_physical_property
f8db655f-30b8-5de1-96e3-c8cd6d10e794,party
b39b0312-913f-5a1c-87c1-9b2b61261837,product_brand
fa02ca91-ae28-5513-bdae-4bc44229b991,functional_system
0d6160c8-13f8-5725-95b6-7c8a74f8e4d1,physical_object
98a25715-fa5d-50a0-8dfc-7f8368b1dcff,class_of_reaching_agreement
96e8c756-7198-55b3-a510-a7f674b661d9,spatio_temporal_extent
9adb93d1-8cf6-5f9a-871c-33d0a81ecdc6,system
ba93796a-c576-57ef-b307-64d3c7bf5324,thing
dca35232-45a4-572a-bed9-83a84375de69,class_of_biological_system_component
8f068a04-17b1-5366-a60f-0e9b8d3bfc0f,class_of_socially_constructed_object
16708fa6-419f-57c8-899a-982364d66909,intentionally_constructed_object
02524087-b7ee-5972-8229-1a13e650930b,composition
39fef28c-a40f-505f-b0f1-41f402096a8e,unit_of_measure
fb68d78c-3bf2-575c-9a0f-73ccb1fa59ee,requirement_specification
2a0cf3ec-3afd-5350-890e-974a5066c126,pattern
03f5ddfd-ee49-55fb-9458-ea7b610a7fb9,organization
9a7cf6c3-6155-54d5-a6ba-ec838196adbb,asset
f08d5fe2-5d0c-5f81-adcd-ebcbc21f1fba,physical_property_range
7f25b606-0552-58f9-8ccf-62d71c4e321f,state_of_biological_object
d7ca61bf-c1c2-5cc8-b50e-fcc962490d4a,class_of_state_of_position
6fbb9900-5009-57bf-96b3-1a2c1724b84b,class_of_state_of_ordinary_biological_object
cd3e6a56-9e73-53ea-8495-9fa01a650ec9,currency
78ed9650-e5b1-5e21-b4ae-9722982ca899,state_of_physical_object
a38a618d-86f2-52ee-abf2-03feefe10c7d,participant
19525f7d-df02-5c1e-9fdc-1b75b73c0f80,offer_for_goods
db4e6ae3-fb78-54d6-b068-84c1ae0cd293,class_of_possible_world
02183881-7082-5730-945d-7cfdd376c83a,class_of_state
57d64f3c-5d3b-5e48-a416-edd46dce9d49,transferor
8c0ac68e-c7a1-50b8-8f30-b8084439c3ab,beginning_of_ownership
895429f5-ec9b-56f5-a056-ee5e10e1efb4,class_of_biological_system
5efa2f5e-5f8b-5e1c-93c6-77327c916e5f,recognizing_language_community
e5fdb184-b016-5211-9c3c-2328d21b4ba1,physical_quantity
b685f999-37d7-50eb-a588-7349fabdc21b,class_of_abstract_object
6ea7213e-5676-5e27-be9c-0c68537e2767,kind_of_system
68475f23-7c19-5550-a934-06175c7a8c5e,state_of_socially_constructed_activity
