ead252de-6cf0-11ef-8000-bb3209de79c0,2024-09-07T08:12:25.937788686Z
775bb797-2e65-5f4e-a8fc-f04eeaa792e0,LineCardX_PortModuleComponent_Number_21_-_THIS_NAME_HAS_NO_MEANING
eb084887-6cf0-11ef-8000-bb3209de79c0,2024-09-07T08:12:26.291418333Z
9e05cd66-ad1e-5fa0-b6cd-98aa65785066,LineCardY_PortModuleComponent_Number_11_-_THIS_NAME_HAS_NO_MEANING
ea8aaa28-6cf0-11ef-8000-bb3209de79c0,2024-09-07T08:12:25.468164061Z
cce4cb44-9448-5b93-a091-4b8847dafebb,LineCard_1_in_Router_2_-_THIS_NAME_HAS_NO_MEANING
eb268909-6cf0-11ef-8000-bb3209de79c0,2024-09-07T08:12:26.489677705Z
bc6a6380-4ec8-11f0-8000-bb3209de79c0,2025-06-21T17:54:11Z
eb03f8a2-6cf0-11ef-8000-bb3209de79c0,2024-09-07T08:12:26.263158655Z
79deb1c9-4ff4-5905-9e50-5a37e9cd56fb,LineCardY_PortModuleComponent_Number_9_-_THIS_NAME_HAS_NO_MEANING
ea7fa38e-6cf0-11ef-8000-bb3209de79c0,2024-09-07T08:12:25.395905426Z
5bd14162-3580-5e58-a8e2-99724a849888,LineCard_1_in_Router_1_-_THIS_NAME_HAS_NO_MEANING
68b86c29-6a50-5cbe-92e5-644672a7ec01,Class_of_installed_system_component_whose_members_are_temporal_part_of_members_of_QSFP_Port_Module_System_Kind_AND_Kind_of_Line_Card_Port_Module_System_Component
77b3217b-62e2-11ef-8000-bb3209de79c0,2024-08-25T13:03:48.213388326Z
b0a57d0e-9ab3-553d-a808-257f1afcf1a1,ClassOfInstalledFunctionalSystemComponent__Class_of_Installed_Line_Card_Port_Module_System_Component
5a15d56a-9530-5d64-85d8-72f991f6b1cd,Kind_of_functional_system_that_is_IP_Router._Note_this_is_subclass_of_class_of_ordinary_functional_object.
77b1d04f-62e2-11ef-8000-bb3209de79c0,2024-08-25T13:03:48.204756702Z
18636214-efdb-5422-8059-c42d252464ce,KindOfFunctionalSystem__IP_Router
2ecac061-7aee-5f36-acf1-c2572af9c87e,Kind_of_functional_system_that_is_QSFP_Port_System_Module_(e.g._https://www.fs.com/uk/products/174708.html?attribute=92533&id=3705970)._Note_this_is_subclass_of_class_of_ordinary_functional_object.
77b2d3ea-62e2-11ef-8000-bb3209de79c0,2024-08-25T13:03:48.211402628Z
4ae2a66d-e233-5dce-a544-508b93fafe62,KindOfFunctionalSystem__QSFP_Port_System_Module
77d1abfa-62e2-11ef-8000-bb3209de79c0,2024-08-25T13:03:48.413541863Z
9474168a-b17e-5a1f-9890-7a220b6ddbb6,Representation_by_pattern_class_for_hostnames_represented_by_the_hostname_pattern
eacb6fe9-6cf0-11ef-8000-bb3209de79c0,2024-09-07T08:12:25.892656966Z
bf3311a6-e730-50ee-a4c7-ff6490ca6d3a,LineCardX_PortModuleComponent_Number_16_-_THIS_NAME_HAS_NO_MEANING
eac2aa17-6cf0-11ef-8000-bb3209de79c0,2024-09-07T08:12:25.835163955Z
43038aa8-0d2b-58aa-8466-764711e7b771,LineCardX_PortModuleComponent_Number_11_-_THIS_NAME_HAS_NO_MEANING
eb1855b0-6cf0-11ef-8000-bb3209de79c0,2024-09-07T08:12:26.396612808Z
8c1bcb6f-2a92-5b5d-9f42-90692b7da558,LineCardY_PortModuleComponent_Number_22_-_THIS_NAME_HAS_NO_MEANING
e1a863ad-e5c8-5617-85b9-fc432c233330,kind_of_organization
21ed81ae-6ba8-5ad9-a255-31ee77ec2ba3,Kind_of_networks_language_community._Community_that_is_involved_with_computer_networks_standards_products_and_networks_management.
77b8e512-62e2-11ef-8000-bb3209de79c0,2024-08-25T13:03:48.251163482Z
19c9b3ea-5fd6-5d91-93c7-b427b6f0d31b,KindOfOrganization__KindOfLanguageCommunityForComputerNetworks
eb19fac2-6cf0-11ef-8000-bb3209de79c0,2024-09-07T08:12:26.407392210Z
ef761b2c-f5ff-5c14-9bc7-92dbaef027b9,LineCardY_PortModuleComponent_Number_23_-_THIS_NAME_HAS_NO_MEANING
c28cbcba-1462-5293-967b-ca86b6a54e57,Class_of_state_of_functional_system_whose_members_are_temporal_part_of_members_of_Router_Line_Card_Module_System
77b283a4-62e2-11ef-8000-bb3209de79c0,2024-08-25T13:03:48.209347627Z
eb4731fa-6cf0-11ef-8000-bb3209de79c0,2024-09-07T08:12:26.703717857Z
692f081e-a692-5666-a132-18025d7a3d4b,Cisco_Sample_Config1_-_THIS_NAME_HAS_NO_MEANING
eabc1254-6cf0-11ef-8000-bb3209de79c0,2024-09-07T08:12:25.791957242Z
0d09cfcd-13e4-5cb0-8b26-d18f527e655a,LineCardX_PortModuleComponent_Number_7_-_THIS_NAME_HAS_NO_MEANING
eb160f77-6cf0-11ef-8000-bb3209de79c0,2024-09-07T08:12:26.381707975Z
a407f258-31a2-56cc-a5fd-e2d32243de2b,LineCardY_PortModuleComponent_Number_20_-_THIS_NAME_HAS_NO_MEANING
b2c612a3-b8cf-5403-a8c3-471b6eb04e96,Generic_role_of_state_of_physical_object_EndB_in_association_with_EndA.
77b45cc7-62e2-11ef-8000-bb3209de79c0,2024-08-25T13:03:48.221459922Z
c95200a8-95a4-526c-990f-f4f6d3cbe7ae,RoleOfEndBInConnectionAssociation
578de355-4f20-500b-b226-504479a8402f,Kind_of_association_between_configuration_files_and_device(s)_that_are_configured_by_the_associated_config_file.
77b56b20-62e2-11ef-8000-bb3209de79c0,2024-08-25T13:03:48.228380863Z
07bd5fb8-c74b-5f5f-866e-305c95b27261,KindOfAssociation__BetweenConfigrationFileAndFunctionalObjectBeingConfiguredByIt
eac62347-6cf0-11ef-8000-bb3209de79c0,2024-09-07T08:12:25.857927126Z
2d50c4b2-50f7-5407-a1a4-a36dcfc57149,LineCardX_PortModuleComponent_Number_13_-_THIS_NAME_HAS_NO_MEANING
eb0b6be3-6cf0-11ef-8000-bb3209de79c0,2024-09-07T08:12:26.311984382Z
8ac35651-a9dc-53d8-9888-b88a8aa13a03,LineCardY_PortModuleComponent_Number_13_-_THIS_NAME_HAS_NO_MEANING
96f004c8-7386-52d2-8308-d35bb037d9b4,Generic_role_of_kind_of_ipV4_character_string_sign_recognizing_language_community_participant_in_representation_by_sign_association_representing_the_network_interface_assigned_a_particular_participant_address.
77b98a7e-62e2-11ef-8000-bb3209de79c0,2024-08-25T13:03:48.255398290Z
7e6995f6-80c4-5731-8ee7-84fa89816e93,Kind_of_recognizing_language_community_for_ipV4_dotted_decimal_notation_addresses
10788939-5f03-5c97-9d02-f5a982ce9838,possible_world
ea5d62de-6cf0-11ef-8000-bb3209de79c0,2024-09-07T08:12:25.171427090Z
da5a919c-5d94-504f-a7cd-8ed5da8d3d30,Possible_world_for_Networks_examples
eb2929b6-6cf0-11ef-8000-bb3209de79c0,2024-09-07T08:12:26.506898266Z
0001b11a-9b9b-5845-9142-52f0af9af8fd,Installed_LineCard_1_in_Router_2_-_THIS_NAME_HAS_NO_MEANING
eb2301a2-6cf0-11ef-8000-bb3209de79c0,2024-09-07T08:12:26.466550613Z
b8db26d0-f697-55b2-a4dd-ce5b274bf2b8,LineCardY_PortModuleComponent_Number_30_-_THIS_NAME_HAS_NO_MEANING
2c29921d-284c-59ad-83e7-699d414792ea,Kind_of_router_routing_control_functional_object_that_typically_handles_control_plane_functions
77b412ab-62e2-11ef-8000-bb3209de79c0,2024-08-25T13:03:48.219562729Z
ac9e4418-4772-5174-9e4b-8fe03349155b,KindOfFunctionalObject__Kind_of_router_routing_control_functional_object
eb8038c4-6cf0-11ef-8000-bb3209de79c0,2024-09-07T08:12:27.077446827Z
1622b644-a49e-5e28-b19a-41c5b3ae72a3,202.202.202.1_RepresentationBySign_-_THIS_NAME_HAS_NO_MEANING
ae36891b-bc8d-503e-9c21-4cd5d463eac9,Kind_of_functional_object_that_is_URL_to_an_external_resource.__Likely_a_web_resource.
77b4868f-62e2-11ef-8000-bb3209de79c0,2024-08-25T13:03:48.222529575Z
7a5860bc-fff9-5e4a-ac34-26a9ec24a884,KindOfFunctionalObject__A_URL_To_An_External_Resource
3e0947c8-f450-5455-a019-2b8d08e46527,state_of_functional_system_component
eb7e55da-6cf0-11ef-8000-bb3209de79c0,2024-09-07T08:12:27.065084237Z
91977ba9-24c3-54af-97d4-6d91b791fa19,state1_of_port_module_system_component1_in_router1
eab70547-6cf0-11ef-8000-bb3209de79c0,2024-09-07T08:12:25.758855194Z
a1f825b5-1a38-5958-8268-b98e46b7f6b8,LineCardX_PortModuleComponent_Number_4_-_THIS_NAME_HAS_NO_MEANING
eb291596-6cf0-11ef-8000-bb3209de79c0,2024-09-07T08:12:26.506383037Z
064ec480-e70a-11f0-8000-bb3209de79c0,2026-01-01T12:04:29Z
eb2bcc29-6cf0-11ef-8000-bb3209de79c0,2024-09-07T08:12:26.524164130Z
91db0078-539b-5493-acf4-7868ac367f3d,QSFP28_Module101_-_THIS_NAME_HAS_NO_MEANING
20f4ab5e-c9fb-5b73-9d9f-23bac42cb6b9,Class_of_state_of_functional_system_whose_members_are_temporal_part_of_members_of_Router_Line_Card_Module_System.
77b37c65-62e2-11ef-8000-bb3209de79c0,2024-08-25T13:03:48.215715740Z
66938421-5ebd-5894-a6ce-f7172da40e84,ClassOfStateOfFunctionalSystem__Class_Of_State_Of_Line_Card_System
eb14de6a-6cf0-11ef-8000-bb3209de79c0,2024-09-07T08:12:26.373898639Z
065cb2f4-310e-5f63-8973-894eba5bc816,LineCardY_PortModuleComponent_Number_19_-_THIS_NAME_HAS_NO_MEANING
2aa586b5-896c-5b5e-8bf7-532071e9fead,Role_of_physical_connection_functional_system_functional_in_association_with_router_routing_functional_objects_EndA_and_EndB.
77b471fd-62e2-11ef-8000-bb3209de79c0,2024-08-25T13:03:48.222002949Z
abc21e4d-b7a2-55fe-99c8-5ceffa94a5a8,RoleOfPhysicalConnectionRouteInRouterPhysicalConnectionAssociation
eb6d1e16-6cf0-11ef-8000-bb3209de79c0,2024-09-07T08:12:26.952245435Z
35a62ac5-d795-5015-aa85-53671432dde2,state_of_router_2_represented_by_hostname__retail2
03f0ca5e-8b8f-5f3d-8ae6-9ec895f02e93,kind_of_functional_object
52bd1c83-642a-592c-b66e-71c7db59f8ef,Kind_of_functional_object_that_is_configuration_file_for_a_device._For_this_example_it_is_a_network_device_(e.g._router_or_switch).
77b48ffb-62e2-11ef-8000-bb3209de79c0,2024-08-25T13:03:48.222770787Z
dd14a1ce-a435-5b18-a809-0e253cfbc7ef,KindOfFunctionalObject__Config_file
a4540a91-2b96-585a-b93d-623c40bd37e6,Class_of_state_of_functional_object_that_is_temporal_part_of_comnfiguration_file
77b49895-62e2-11ef-8000-bb3209de79c0,2024-08-25T13:03:48.222990998Z
b16a2233-78a1-5df2-8bd2-8f6bca848be5,ClassOfStateOfFunctionalObject__Class_Of_State_Of_Config
eb2e3b79-6cf0-11ef-8000-bb3209de79c0,2024-09-07T08:12:26.540120921Z
25661172-61b5-5c10-bdb4-be6651d13276,QSFP28_Module203_-_THIS_NAME_HAS_NO_MEANING
dd82c7b8-4eda-5baf-9837-2622c3f31ddb,class_of_point_in_time
af981b7a-8912-5a56-a18c-0cca924f927c,Class_of_point_in_time_for_events_in_ISO_8601-1:2019_date-time_format
77b415d5-62e2-11ef-8000-bb3209de79c0,2024-08-25T13:03:48.219643733Z
e2c6d8bf-f451-52ab-8c5a-1a3d63ad06f6,ClassOfPointInTime__ISO8601_DateTime
f9b3aebb-324f-5607-a229-b470f4470cb8,class_of_state_of_organization
45337968-eca5-5dea-a464-e05918e75d7e,Class_of_state_of_networks_language_community._Community_that_is_involved_with_computer_networks_standards_products_and_networks_management_(generated_as_class_of_state_of_organization_due_to_HQDM_quirk._Still_correct_but_one_supertrype_up.).
77b96376-62e2-11ef-8000-bb3209de79c0,2024-08-25T13:03:48.254399041Z
368a7d0d-7e98-5b0f-91c5-d6b46d6556b6,Class_of_state_of_networks_language_community_for_network_devices
b255cc4d-866d-530f-9e74-1436eb062f06,Class_of_state_of_functional_system_that_is_temporal_part_of_IP_Router
77b1d821-62e2-11ef-8000-bb3209de79c0,2024-08-25T13:03:48.204956911Z
f0d61942-b083-5847-8804-9584926bd2cf,ClassOfStateOfFunctionalSystem__State_Of_IP_Router
eb314090-6cf0-11ef-8000-bb3209de79c0,2024-09-07T08:12:26.559912027Z
6da3ee3d-b2ec-54c2-894c-bd02e98559f1,Installed_100GQFSP28_PortModule_in_LineCardY_Port3_-_THIS_NAME_HAS_NO_MEANING
eb4722e8-6cf0-11ef-8000-bb3209de79c0,2024-09-07T08:12:26.703332036Z
498ce380-c399-11f3-8000-bb3209de79c0,2028-07-21T17:54:11Z
eae9a78c-6cf0-11ef-8000-bb3209de79c0,2024-09-07T08:12:26.090689224Z
6dbade48-d71c-519f-a013-ea7e70fbd8f8,LineCardY_PortModuleComponent_Number_0_-_THIS_NAME_HAS_NO_MEANING
f8a593b2-6335-516f-baf5-a7cc7c0e2631,Generic_role_of_kind_of_ipV4_character_string_sign_participant_in_representation_by_sign_association_representing_the_network_interface_assigned_this_address.
77b98e88-62e2-11ef-8000-bb3209de79c0,2024-08-25T13:03:48.255501696Z
aff05289-7b84-5e6a-94af-36b7b1b8bd1e,Role_Of_IPv4_Address_Character_String_Sign_In_RepresentationBySign
eacdc7b4-6cf0-11ef-8000-bb3209de79c0,2024-09-07T08:12:25.908011623Z
9a7c7a4b-ce48-5c69-9c89-356779bfbeab,LineCardX_PortModuleComponent_Number_18_-_THIS_NAME_HAS_NO_MEANING
eb8039bc-6cf0-11ef-8000-bb3209de79c0,2024-09-07T08:12:27.077471628Z
4434b643-41f7-5372-972a-85c22d1060e6,202.202.202.1_-_THIS_NAME_HAS_NO_MEANING
eab32061-6cf0-11ef-8000-bb3209de79c0,2024-09-07T08:12:25.733334569Z
48a9897e-e810-527a-bcd6-daa7ad74da86,LineCardX_PortModuleComponent_Number_2_-_THIS_NAME_HAS_NO_MEANING
ccf8d746-d1ee-549e-a005-f3836d72518a,Kind_of_association_between_two_states_of_physical_objects_EndA_and_EndB.
77b42dd2-62e2-11ef-8000-bb3209de79c0,2024-08-25T13:03:48.220257863Z
4df7eea7-3a2d-50a1-b12b-c7ca87c05818,KindOfAssociation__BetweenTwoStatesOfPhysicalObjects
eb65869b-6cf0-11ef-8000-bb3209de79c0,2024-09-07T08:12:26.902492357Z
3d2d2380-4c6d-11f0-8000-bb3209de79c0,2025-06-18T17:54:11Z
eb4f2c0e-6cf0-11ef-8000-bb3209de79c0,2024-09-07T08:12:26.755995076Z
a8bce88a-9930-55fb-99b5-e5617b205abc,HundredGigE0/5/0/1
eafe284e-6cf0-11ef-8000-bb3209de79c0,2024-09-07T08:12:26.225057428Z
565a6506-f9a3-5ef7-8f15-92c6e5e011ce,LineCardY_PortModuleComponent_Number_7_-_THIS_NAME_HAS_NO_MEANING
abab8141-9f3f-5f7a-a6d4-a0bc14074583,class_of_state_of_functional_system_component
acbf35ab-91f7-51e9-a389-6ed9659277dd,Class_of_state_of_functional_system_component_whose_members_are_temporal_part_of_members_of_Kind_of_Line_Card_Port_Module_System_Component
77b31426-62e2-11ef-8000-bb3209de79c0,2024-08-25T13:03:48.213047009Z
7bc2719b-dd89-5385-b8fa-49d865dcaa61,ClassOfStateOfFunctionalSystemComponent__Class_Of_State_Of_Port_Module_System_Component
eb511ad0-6cf0-11ef-8000-bb3209de79c0,2024-09-07T08:12:26.768660884Z
3db376c1-3949-5241-a28d-95d849a81dfd,Participant_state_of_participant2_in_association_Config1_Association_With_Ref_-_THIS_NAME_HAS_NO_MEANING
eaae4771-6cf0-11ef-8000-bb3209de79c0,2024-09-07T08:12:25.701566595Z
635ecaec-615c-56f7-8dc5-6425d0c85b5b,LineCardX_-_THIS_NAME_HAS_NO_MEANING
eae12543-6cf0-11ef-8000-bb3209de79c0,2024-09-07T08:12:26.034925110Z
0eb50f6b-ac83-5270-a002-4412105dd4f7,LineCardX_PortModuleComponent_Number_31_-_THIS_NAME_HAS_NO_MEANING
eb82693f-6cf0-11ef-8000-bb3209de79c0,2024-09-07T08:12:27.091795128Z
677e31bd-df3b-5ef6-af95-6b90f6674c7b,255.255.255.252_RecognizingLanguageCommunity_-_THIS_NAME_HAS_NO_MEANING
eb25c804-6cf0-11ef-8000-bb3209de79c0,2024-09-07T08:12:26.484736429Z
23d28a00-20c5-11ed-8000-bb3209de79c0,2022-08-20T20:17:40Z
eabda7a6-6cf0-11ef-8000-bb3209de79c0,2024-09-07T08:12:25.802333422Z
fc987cd4-e5e3-5277-bff9-4826c717120b,LineCardX_PortModuleComponent_Number_8_-_THIS_NAME_HAS_NO_MEANING
eab52c72-6cf0-11ef-8000-bb3209de79c0,2024-09-07T08:12:25.746750618Z
eb042972-77ee-50b6-94c6-5d129090860d,LineCardX_PortModuleComponent_Number_3_-_THIS_NAME_HAS_NO_MEANING
c85ff3fe-e4e0-5a8e-9390-957ed7386ba8,Generic_role_of_Line_Card_Port_System_Module_when_functioning_in_intended_activities.
77b2cb03-62e2-11ef-8000-bb3209de79c0,2024-08-25T13:03:48.211174717Z
d348e83c-7618-5b17-bda6-5f1653f6b229,RoleOfIPRouterLineCardPortSystemModule
eaed28af-6cf0-11ef-8000-bb3209de79c0,2024-09-07T08:12:26.113655907Z
a67fd8dc-66f9-59d6-9fb8-6eb0509a6dc1,LineCardY_PortModuleComponent_Number_1_-_THIS_NAME_HAS_NO_MEANING
fdfcab08-6674-554a-9224-ee426a370e6d,This_is_the_set_whose_elements_are_signs_that_all_conform_to_the_dotted_decimal_notation_pattern_for_IP_Version_4_IP_Addresses_as_per_RFC990_see_'https://datatracker.ietf.org/doc/html/rfc990'_and_recoomended_for_general_use_in_'https://datatracker.ietf.org/doc/html/rfc1123'.
77b8e130-62e2-11ef-8000-bb3209de79c0,2024-08-25T13:03:48.251064077Z
9afe9b06-b884-5768-b072-eda21489c016,Pattern_of_IPv4_Address_In_Dotted_Decimal_Notation
eadb6761-6cf0-11ef-8000-bb3209de79c0,2024-09-07T08:12:25.997296109Z
781c320b-218c-5b16-916e-8fdd21d9fb61,LineCardX_PortModuleComponent_Number_27_-_THIS_NAME_HAS_NO_MEANING
ead552ba-6cf0-11ef-8000-bb3209de79c0,2024-09-07T08:12:25.957445884Z
6b98b919-1252-5a53-bdcc-a85e9f75babb,LineCardX_PortModuleComponent_Number_23_-_THIS_NAME_HAS_NO_MEANING
4125fd48-efb6-5d18-8eca-335f3c7c9043,Kind_of_association_between_known_references_(typically_a_URL)_and_the_record_of_an_item_referenced_by_it.
77b4794d-62e2-11ef-8000-bb3209de79c0,2024-08-25T13:03:48.222190158Z
71f95789-c56f-5f53-9879-26f5664e673c,KindOfAssociation__BetweenEnternalReferenceAndPhysicalObjectBeingReferenced
77b57430-62e2-11ef-8000-bb3209de79c0,2024-08-25T13:03:48.228612874Z
682da105-9817-5010-bfa0-5f1ba8f71536,RoleOfConfiguredDeviceInAssociationWithConfigurationFile
eb6f1687-6cf0-11ef-8000-bb3209de79c0,2024-09-07T08:12:26.965159157Z
bb287429-9694-59e4-b750-f28b800dcbd4,retail2_-_THIS_NAME_HAS_NO_MEANING
ef903dd2-9f48-5fc7-a04c-b04b321c780f,retail2
04039c7b-5dc5-53b8-814e-79f664940ac8,Class_of_state_of_functional_object_that_is_temporal_part_of_URL_to_an_external_resource
77b48e44-62e2-11ef-8000-bb3209de79c0,2024-08-25T13:03:48.222726885Z
53ba8529-e0c3-50eb-81dd-ddf9f079b803,ClassOfStateOfFunctionalObject__Class_Of_State_Of_URL
edcace01-6f7a-5579-8245-f70072fa086c,Class_of_state_of_functional_system_whose_members_are_temporal_part_of_members_of_Router_QSFP_Port_Module_System
77b31b4f-62e2-11ef-8000-bb3209de79c0,2024-08-25T13:03:48.213230318Z
0ea676b4-1ecc-5fc1-99dd-271deda9237d,ClassOfStateOfFunctionalSystem__Class_Of_State_Of_QSFP_Port_Module_System
d6d15190-ef79-5ab7-b01d-e0d03a256ece,This_is_the_set_whose_elements_are_signs_that_all_conform_to_the_hostname_pattern_as_per_RFC1034_see_'https://datatracker.ietf.org/doc/html/rfc1034'.
77b8da65-62e2-11ef-8000-bb3209de79c0,2024-08-25T13:03:48.250890169Z
c443bc00-b5a5-5561-aec6-878ff2f74295,Pattern_of_hostname_of_local_network_applicances_according_to_RFC1034_Section_3.1.
ead0a43c-6cf0-11ef-8000-bb3209de79c0,2024-09-07T08:12:25.926764470Z
8824c93d-731b-518a-9d26-be29b2cb7d7b,LineCardX_PortModuleComponent_Number_20_-_THIS_NAME_HAS_NO_MEANING
eb1b9710-6cf0-11ef-8000-bb3209de79c0,2024-09-07T08:12:26.417947299Z
35f3d693-e5f1-5b34-8798-c06b89592b61,LineCardY_PortModuleComponent_Number_24_-_THIS_NAME_HAS_NO_MEANING
eacc8b72-6cf0-11ef-8000-bb3209de79c0,2024-09-07T08:12:25.899915471Z
980f6c69-8b5d-567d-8d1a-6d9882b2163c,LineCardX_PortModuleComponent_Number_17_-_THIS_NAME_HAS_NO_MEANING
eb3133bf-6cf0-11ef-8000-bb3209de79c0,2024-09-07T08:12:26.559583908Z
ea64c480-bd3a-11ef-8000-bb3209de79c0,2024-12-18T12:23:41Z
ae037a1b-d619-55b3-ad92-4a340d30f6fc,Class_of_sign_that_is_block_of_text_from_part_of_comnfiguration_file.
77b54ae8-62e2-11ef-8000-bb3209de79c0,2024-08-25T13:03:48.227556022Z
e579ce55-cfb1-561e-a5c6-0670e96e232c,ClassOfSign__BlockOfTextFromConfig
20bd7be4-fed1-582a-bc7e-0273effa324e,Kind_of_association_between_two_states_of_router_routing_functional_objects_RouteParticipantEndA_and_RouteParticipantEndB.
77b461b2-62e2-11ef-8000-bb3209de79c0,2024-08-25T13:03:48.221585829Z
99df5f5e-d059-58fb-b2ea-971cf27182fb,KindOfAssociation__BetweenTwoStatesOfRoutersRoutingFunctionalObjects
ae8f1e27-1189-5ab9-9727-e23979f15c41,Class_of_sign_that_is_block_of_text_that_is_UTF-8_(aka_utf8)_character_string.
77b560e7-62e2-11ef-8000-bb3209de79c0,2024-08-25T13:03:48.228119150Z
ad38e420-0781-50ff-ae7e-279a71817b44,ClassOfSign__UTF-8_CharacterString
303a8977-da85-57b4-9938-8ed610ec3a60,Class_of_state_of_functional_system_that_is_temporal_part_of_functional_system_that_is_physical_system_connecting_two_network_devices
77b3282e-62e2-11ef-8000-bb3209de79c0,2024-08-25T13:03:48.213559834Z
f7d33e34-419f-59d8-8631-da8a0b552ec5,ClassOfStateOfFunctionalSystem__StateOfSystemConnectingTwoNetworkDevices
b7007bdf-e3bb-50d3-ba74-50b667d58346,Generic_role_of_Communications_Fibre_System_Component_when_functioning_in_intended_activities.
77b32ac2-62e2-11ef-8000-bb3209de79c0,2024-08-25T13:03:48.213625837Z
da252e8d-b85e-5eef-9348-38e63814e9b0,RoleOfCommunicationsFibreSystemComponent
52c7b281-b48a-50ba-a438-1e492e30cd80,Generic_role_of_kind_of_ipV4_subnet_mask_character_string_sign_in_representation_by_sign_association_representing_the_network_interface_assigned_the_participant_subnet_mask.
77b99605-62e2-11ef-8000-bb3209de79c0,2024-08-25T13:03:48.255693305Z
6b479957-c6dd-5517-89d9-bf5c2336f7b8,Role_Of_IPv4_Subnet_Mask_Character_String_Sign_In_RepresentationBySign
eb2fc0e3-6cf0-11ef-8000-bb3209de79c0,2024-09-07T08:12:26.550089978Z
ddd60cac-0de3-5f85-9fe6-831d6c965b52,Installed_100GQFSP28_PortModule_in_LineCardX_Port1_-_THIS_NAME_HAS_NO_MEANING
f11d529b-77af-567a-9715-494223f4b483,kind_of_ordinary_functional_object
7a4fd236-9ff0-5aa9-a995-ef952f708a0d,Kind_of_ordinary_functional_object_whose_members_are_Data_Centre_Interconnect_Fibre_based_on_ITU_G.6x_and_G.97x_Specifications_(https://www.itu.int/rec/T-REC-G/en).
77b36c11-62e2-11ef-8000-bb3209de79c0,2024-08-25T13:03:48.215297720Z
d6fa29c6-cfd8-573c-89fd-07115af23356,KindOfFunctionalObject__Kind_of_Data_Centre_Inteconnect_Fibre
77d1b0dc-62e2-11ef-8000-bb3209de79c0,2024-08-25T13:03:48.413666869Z
ef5bf657-359f-563e-8d8a-0ae8564eba96,Representation_by_pattern_class_for_ipV4_Subnet_Mask_represented_by_the_ipV4_Subnet_Mask_Dotted_Decimal_Notation_pattern
107dcbb2-b309-5532-b32e-3b5e1d757189,Generic_role_of_Line_Card_Module_System_Component_when_functioning_in_intended_activities.
77b2143b-62e2-11ef-8000-bb3209de79c0,2024-08-25T13:03:48.206495587Z
6d1622a0-d7ac-593d-8eb2-2667f5a25f35,RoleOfIPRouterLineCardSystemComponent
eabf5f08-6cf0-11ef-8000-bb3209de79c0,2024-09-07T08:12:25.813581650Z
27c8e248-58e1-5e27-8316-73a151d5f671,LineCardX_PortModuleComponent_Number_9_-_THIS_NAME_HAS_NO_MEANING
4aef34be-588e-5beb-bff8-9a1594749441,Kind_of_system_component_whose_members_are_temporal_part_of_members_of_Router_Physical_Connection_System_(e.g._one_or_more_continuous_strand_of_cables_like_this_https://www.aflhyperscale.com/wp-content/uploads/2023/12/AFL-Data-Center-Interconnect-Ordering-Guide.pdf).
77b377de-62e2-11ef-8000-bb3209de79c0,2024-08-25T13:03:48.215599834Z
c48386c2-5034-5ee3-8e98-e5ab64c5719d,KindOfSystemComponent__Kind_of_Data_Centre_Inteconnect_Fibre_System_Component
dadc131c-0315-5cf5-9919-ba641eacd386,Generic_role_of_Line_Card_Port_Module_System_Component_when_functioning_in_intended_activities.
77b2d7d1-62e2-11ef-8000-bb3209de79c0,2024-08-25T13:03:48.211502533Z
c2197c0b-7812-5577-b207-bfce5c13d779,RoleOfIPRouterLineCardPortModuleSystemComponent
eb6b9511-6cf0-11ef-8000-bb3209de79c0,2024-09-07T08:12:26.942184174Z
d8e42a00-e6c9-11ed-8000-bb3209de79c0,2023-04-29T20:10:12Z
eb2a8238-6cf0-11ef-8000-bb3209de79c0,2024-09-07T08:12:26.515717659Z
b7401480-dbe3-11e9-8000-bb3209de79c0,2019-09-20T20:17:49Z
77b9dddd-62e2-11ef-8000-bb3209de79c0,2024-08-25T13:03:48.257532595Z
02355a48-a33a-52f4-a70a-d87833e955a7,KindOfAssociation_Kind_of_representation_by_sign_class_for_Network_Interface_IPv4_Address
4e266850-df56-5099-97b2-5ea8de890f4a,Generic_role_of_Netwoked_Device_Functional_System_when_functioning_in_intended_activities.
9ecb60d3-f961-59fb-b876-136b66893dc2,Generic_role_of_Generic_Functional_System_involved_in_the_physical_connection_between_two_separate_physical_systems.
77b16778-62e2-11ef-8000-bb3209de79c0,2024-08-25T13:03:48.202072870Z
eaae2b94-6cf0-11ef-8000-bb3209de79c0,2024-09-07T08:12:25.700853255Z
127b9280-f41b-11f3-8000-bb3209de79c0,2028-09-21T11:24:09Z
eac98b3f-6cf0-11ef-8000-bb3209de79c0,2024-09-07T08:12:25.880249573Z
36a332c4-03e4-53d1-8486-d0cb65b40357,LineCardX_PortModuleComponent_Number_15_-_THIS_NAME_HAS_NO_MEANING
eaad08d4-6cf0-11ef-8000-bb3209de79c0,2024-09-07T08:12:25.693410039Z
883d8a00-e997-11eb-8000-bb3209de79c0,2021-07-20T20:17:40Z
eafae482-6cf0-11ef-8000-bb3209de79c0,2024-09-07T08:12:26.203661033Z
2d609622-dd1d-5ceb-a326-efab63b14a59,LineCardY_PortModuleComponent_Number_6_-_THIS_NAME_HAS_NO_MEANING
77b322f9-62e2-11ef-8000-bb3209de79c0,2024-08-25T13:03:48.213426528Z
17de717c-6ef9-5270-80ed-3585cf29106a,RoleOfSystemConnectingTwoSeparateSystems
ea88f36a-6cf0-11ef-8000-bb3209de79c0,2024-09-07T08:12:25.456932234Z
51978147-23c7-5d8b-a437-fb3d8decbcab,Router2_-_THIS_NAME_HAS_NO_MEANING
eab14979-6cf0-11ef-8000-bb3209de79c0,2024-09-07T08:12:25.721279395Z
2d5b2923-27b2-5298-bfe0-35cc0a8397af,LineCardX_PortModuleComponent_Number_1_-_THIS_NAME_HAS_NO_MEANING
00cbc494-885e-5e60-9464-4c02021f1edc,Generic_role_of_kind_of_hostname_recognizing_language_community_participant_in_representation_by_sign_association_representing_the_network_device_identified_by_the_hostname.
77b975ad-62e2-11ef-8000-bb3209de79c0,2024-08-25T13:03:48.254865364Z
77b991eb-62e2-11ef-8000-bb3209de79c0,2024-08-25T13:03:48.255588300Z
3fe06e51-22bc-5680-a8e0-94065d6b3f29,Kind_of_recognizing_language_community_for_ipV4_dotted_decimal_notation_subnet_mask
10b0f07a-62e1-5692-83c6-885754fc148c,Kind_of_recognizing_language_community_for_local_network_hostnames
2026b90d-06c8-5bc5-aa60-b6b07fd267a5,Role_of_state_of_router_routing_functional_object_EndB_in_association_with_EndA.
77b467b5-62e2-11ef-8000-bb3209de79c0,2024-08-25T13:03:48.221739736Z
44fe5487-a6ba-5012-9dd3-78b0513f1059,RoleOfRouteEndBInRouterConnectionAssociation
eb1cc237-6cf0-11ef-8000-bb3209de79c0,2024-09-07T08:12:26.425605527Z
d79a7637-385b-577e-9751-1c63482b452d,LineCardY_PortModuleComponent_Number_25_-_THIS_NAME_HAS_NO_MEANING
eb55f97b-6cf0-11ef-8000-bb3209de79c0,2024-09-07T08:12:26.800575566Z
da9cb5b4-4849-531d-ace8-ac04bae78bae,Association_of_two_particiants_in_Config1_Association_With_Router1_-_THIS_NAME_HAS_NO_MEANING
eadcc79e-6cf0-11ef-8000-bb3209de79c0,2024-09-07T08:12:26.006313412Z
57c8958f-f01f-5e68-99a3-f98ffe624d06,LineCardX_PortModuleComponent_Number_28_-_THIS_NAME_HAS_NO_MEANING
eae5c71f-6cf0-11ef-8000-bb3209de79c0,2024-09-07T08:12:26.065283105Z
38439d71-00a4-57e6-b346-e7f5ac82fe8d,LineCardY_-_THIS_NAME_HAS_NO_MEANING
73529584-f0c9-5742-8c66-bd6ae4be5b66,Generic_role_of_IP_Router_System_when_functioning_in_intended_activities.
77b1c9e4-62e2-11ef-8000-bb3209de79c0,2024-08-25T13:03:48.204592493Z
8d39e722-1578-53f3-bdd6-e74d4fa7a254,RoleOfIPRouterSystem
eb877180-6cf0-11ef-8000-bb3209de79c0,2024-09-07T08:12:27.124774470Z
2e269236-d31d-5db3-80ff-fa7d28fe3c63,202.202.202.2_-_THIS_NAME_HAS_NO_MEANING
677ebc38-d815-5a8e-bfbb-c4d44ee4158e,202.202.202.2
77b9d658-62e2-11ef-8000-bb3209de79c0,2024-08-25T13:03:48.257340086Z
7df15264-b183-5e6a-bb51-0d5b068e7d66,KindOfAssociation_Kind_of_representation_by_sign_class_for_Router_Hostname
614ab67e-e232-511e-92d9-98d91fb893e8,Kind_of_functional_system_that_is_physical_system_connecting_two_network_devices.
77b325b4-62e2-11ef-8000-bb3209de79c0,2024-08-25T13:03:48.213496431Z
dd56898e-2092-5763-91e4-7ca5a9a4cc7f,KindOfFunctionalSystem__ConnectingTwoNetworkDevices
3fbe81c5-d9a0-58a3-9248-61c9106e77e7,Kind_of_functional_system_that_is_Network_Device._This_class_includes_all_deviced_that_can_be_addressed_using_a_hostname_locally_and/or_a_Domain_Name.
77b18a00-62e2-11ef-8000-bb3209de79c0,2024-08-25T13:03:48.202956813Z
a56670d2-f0d0-5f9c-a934-f72bb86135bf,KindOfFunctionalSystem__NetworkDevice
eb463013-6cf0-11ef-8000-bb3209de79c0,2024-09-07T08:12:26.697115588Z
d8f7e580-4c5b-11d9-8000-bb3209de79c0,2004-12-12T16:35:35Z
eb512007-6cf0-11ef-8000-bb3209de79c0,2024-09-07T08:12:26.768794391Z
613e3da2-2d92-5654-a7c6-523d4e46cc03,Association_of_two_particiants_in_Config1_Association_With_Ref_-_THIS_NAME_HAS_NO_MEANING
db4e6ae3-fb78-54d6-b068-84c1ae0cd293,class_of_possible_world
45998832-1d7a-5fc6-a18f-2d7f55b58b32,Class_of_possible_world_for_basic_IP_Network_pattern_examples
77a035e0-62e2-11ef-8000-bb3209de79c0,2024-08-25T13:03:48.089392031Z
715cf84f-5456-5bdb-bca0-8f23610bcc15,ClassOfPossibleWorld_NetworksExamples
eaf15bef-6cf0-11ef-8000-bb3209de79c0,2024-09-07T08:12:26.141182344Z
563ebf49-8b75-5816-82d5-0bf2e97b595e,LineCardY_PortModuleComponent_Number_2_-_THIS_NAME_HAS_NO_MEANING
ea6a103d-6cf0-11ef-8000-bb3209de79c0,2024-09-07T08:12:25.254508530Z
c3729353-d31c-5b95-b7ca-a1213110dc27,NetworkDeviceSigns_RecognizingLanguageCommunity
eadfd279-6cf0-11ef-8000-bb3209de79c0,2024-09-07T08:12:26.026252126Z
ab1d65ac-737a-564a-8f2a-9d825b041d29,LineCardX_PortModuleComponent_Number_30_-_THIS_NAME_HAS_NO_MEANING
eb136b66-6cf0-11ef-8000-bb3209de79c0,2024-09-07T08:12:26.364400609Z
86e1195c-ecc0-52f6-ae9b-fcf925d41d97,LineCardY_PortModuleComponent_Number_18_-_THIS_NAME_HAS_NO_MEANING
aabdbe41-e253-56b4-90b6-5e1b6278bb97,Kind_of_functional_system_that_is_Router_Line_Card_Module._Note_this_is_subclass_of_class_of_ordinary_functional_object.
77b2078c-62e2-11ef-8000-bb3209de79c0,2024-08-25T13:03:48.206170871Z
d55ff4a9-078a-51a8-a178-4fe4238e9e7e,KindOfFunctionalSystem__Router_Line_Card_System
77b9701d-62e2-11ef-8000-bb3209de79c0,2024-08-25T13:03:48.254722957Z
10666d29-124c-5e4b-9606-47ab79210fdd,Kind_of_recognizing_language_community_for_network_devices
eaba586d-6cf0-11ef-8000-bb3209de79c0,2024-09-07T08:12:25.780644511Z
b0d02882-9aa3-541d-8dc0-838b7378362d,LineCardX_PortModuleComponent_Number_6_-_THIS_NAME_HAS_NO_MEANING
eb876f21-6cf0-11ef-8000-bb3209de79c0,2024-09-07T08:12:27.124713766Z
97d5ad44-82de-5a75-b71c-cfa9117606a8,202.202.202.2_RecognizingLanguageCommunity_-_THIS_NAME_HAS_NO_MEANING
eb20c069-6cf0-11ef-8000-bb3209de79c0,2024-09-07T08:12:26.451773788Z
b62f72ce-d958-5f90-8ab8-dd06ff30dfee,LineCardY_PortModuleComponent_Number_28_-_THIS_NAME_HAS_NO_MEANING
eab8885c-6cf0-11ef-8000-bb3209de79c0,2024-09-07T08:12:25.768764447Z
20cb34f5-8c4e-5e37-be9e-81a189218292,LineCardX_PortModuleComponent_Number_5_-_THIS_NAME_HAS_NO_MEANING
eacf44be-6cf0-11ef-8000-bb3209de79c0,2024-09-07T08:12:25.917766268Z
74a27b08-a727-54bb-b594-5449ae330bb0,LineCardX_PortModuleComponent_Number_19_-_THIS_NAME_HAS_NO_MEANING
eb116a53-6cf0-11ef-8000-bb3209de79c0,2024-09-07T08:12:26.351265975Z
97cbb283-112a-5480-8ca1-b22b04e3af9b,LineCardY_PortModuleComponent_Number_17_-_THIS_NAME_HAS_NO_MEANING
63ecc943-ad36-598a-b75d-b781e97a7800,Class_of_installed_system_component_whose_members_are_temporal_part_of_members_of_Data_Centre_Interconnect_Fibre_Kind_AND_Data_Centre_Interconnect_Fibre_Component_Kind.
77b380a4-62e2-11ef-8000-bb3209de79c0,2024-08-25T13:03:48.215824445Z
621a9182-02e4-5e63-86c8-7ce8915915ed,ClassOfInstalledFunctionalSystemComponent__Class_of_Installed_Data_Centre_Interconnect_Fibre
ea87fc92-6cf0-11ef-8000-bb3209de79c0,2024-09-07T08:12:25.450613081Z
3b692a00-bded-11ed-8000-bb3209de79c0,2023-03-08T20:10:12Z
10c35da1-9387-509d-82b6-a39bdf64c7cd,class_of_installed_functional_system_component
44c79aad-ec66-5883-aa64-47f79d7e6f10,Class_of_installed_system_component_whose_members_are_temporal_part_of_members_of_Router_Line_Card_Module_System_Kind_AND_Kind_of_Line_Card_System_Component
77b2c429-62e2-11ef-8000-bb3209de79c0,2024-08-25T13:03:48.210999308Z
883348d4-7298-5050-9d5a-a939209a0bbd,ClassOfInstalledFunctionalSystemComponent__Class_of_Installed_Line_Card_System_Component
eaf3859d-6cf0-11ef-8000-bb3209de79c0,2024-09-07T08:12:26.155356535Z
296f50e7-767e-57fc-8f54-14fabf3018d3,LineCardY_PortModuleComponent_Number_3_-_THIS_NAME_HAS_NO_MEANING
eb1fc7a2-6cf0-11ef-8000-bb3209de79c0,2024-09-07T08:12:26.445405032Z
352cb89c-a986-5572-9bb8-de8f76f6f1ff,LineCardY_PortModuleComponent_Number_27_-_THIS_NAME_HAS_NO_MEANING
d08754c0-1e6a-5794-8d3c-7cbf82cfb1a0,installed_functional_system_component
eb26afb7-6cf0-11ef-8000-bb3209de79c0,2024-09-07T08:12:26.490667960Z
c4da44f5-62e8-5066-a7e6-c85b22e36622,Installed_LineCard_1_in_Router_1_-_THIS_NAME_HAS_NO_MEANING
a07609a3-f75d-532e-be66-5b5a0951b573,Generic_role_of_state_of_physical_object_EndA_in_association_with_EndB.
77b44fb6-62e2-11ef-8000-bb3209de79c0,2024-08-25T13:03:48.221125406Z
ce94ae5f-dcfc-59ee-b3ca-082d62c2d603,RoleOfEndAInConnectionAssociation
eb1e5585-6cf0-11ef-8000-bb3209de79c0,2024-09-07T08:12:26.435930103Z
b6315f8d-3488-5a8d-b8e8-06a91717b9d0,LineCardY_PortModuleComponent_Number_26_-_THIS_NAME_HAS_NO_MEANING
eb55e916-6cf0-11ef-8000-bb3209de79c0,2024-09-07T08:12:26.800155842Z
15f5c02c-5d83-523d-b968-1264204704b1,Participant_state_of_participant2_in_association_Config1_Association_With_Router1_-_THIS_NAME_HAS_NO_MEANING
eb826a7a-6cf0-11ef-8000-bb3209de79c0,2024-09-07T08:12:27.091826630Z
65c556ef-9b5f-5be4-a901-02c531386efb,255.255.255.252_RepresentationBySign_-_THIS_NAME_HAS_NO_MEANING
eaf58269-6cf0-11ef-8000-bb3209de79c0,2024-09-07T08:12:26.168381763Z
68bca1e8-1834-5409-8d1e-74cb8b88c8eb,LineCardY_PortModuleComponent_Number_4_-_THIS_NAME_HAS_NO_MEANING
38b27976-0842-5f8f-a2e6-9718002b14ad,state_of_functional_system
eb65f6ec-6cf0-11ef-8000-bb3209de79c0,2024-09-07T08:12:26.905367618Z
469996a5-df8b-5307-9ccd-0095a441225e,state_of_router_1_represented_by_hostname__retail1
175d9b2a-238d-5b25-a542-d46af126d364,kind_of_socially_constructed_object
a8f85f8b-9025-5432-b321-971227938f79,Kind_of_sign_whose_members_are_whole_life_individual_for_signs_and_states_of_signs.
77b4e546-62e2-11ef-8000-bb3209de79c0,2024-08-25T13:03:48.224954294Z
d260309d-00c0-5045-8dc8-5d64fc351feb,KindOfSociallyConstructedObject_KindofSign
eb55caf1-6cf0-11ef-8000-bb3209de79c0,2024-09-07T08:12:26.799384199Z
0a94e400-a885-11ed-8000-bb3209de79c0,2023-02-09T14:21:28Z
eb451cbe-6cf0-11ef-8000-bb3209de79c0,2024-09-07T08:12:26.690067095Z
6c464a00-ab2b-11e9-8000-bb3209de79c0,2019-07-20T20:17:40Z
ea7cc3ea-6cf0-11ef-8000-bb3209de79c0,2024-09-07T08:12:25.377073074Z
01044a00-0869-11ed-8000-bb3209de79c0,2022-07-20T20:17:40Z
eac0fd7d-6cf0-11ef-8000-bb3209de79c0,2024-09-07T08:12:25.824191742Z
d2fa009a-7ef3-59cb-b0ce-ca1d0c8743af,LineCardX_PortModuleComponent_Number_10_-_THIS_NAME_HAS_NO_MEANING
eaafe183-6cf0-11ef-8000-bb3209de79c0,2024-09-07T08:12:25.712064381Z
fb798f35-9036-59bb-a06d-36fb2781c1c1,LineCardX_PortModuleComponent_Number_0_-_THIS_NAME_HAS_NO_MEANING
f94a8adf-d196-585f-b786-793a96c643a5,language_community
ea69ea7f-6cf0-11ef-8000-bb3209de79c0,2024-09-07T08:12:25.253542376Z
733fb66f-7a80-5290-92b7-fcecc21da04d,NetworksLanguageCommunity
fa02ca91-ae28-5513-bdae-4bc44229b991,functional_system
ea7d87f5-6cf0-11ef-8000-bb3209de79c0,2024-09-07T08:12:25.382091754Z
b989c09d-2479-516f-b068-a64d616a0139,Router1_-_THIS_NAME_HAS_NO_MEANING
eaf7ff81-6cf0-11ef-8000-bb3209de79c0,2024-09-07T08:12:26.184691373Z
5934201c-d3ab-5115-9d93-6c434a47429b,LineCardY_PortModuleComponent_Number_5_-_THIS_NAME_HAS_NO_MEANING
ead7187e-6cf0-11ef-8000-bb3209de79c0,2024-09-07T08:12:25.969062232Z
2627629b-340f-5209-8b62-f9bcce28828c,LineCardX_PortModuleComponent_Number_24_-_THIS_NAME_HAS_NO_MEANING
c297d34e-943a-524d-8816-bd29f3bead49,Role_of_state_of_router_routing_control_functional_object_that_typically_handles_control_plane_functions
77b3d4ea-62e2-11ef-8000-bb3209de79c0,2024-08-25T13:03:48.217981852Z
2d6ddc50-cc0f-5579-aa7a-b7889bf4d83a,Role__Role_of_routing_control_functional_object
f7826127-6dd1-58fc-82ab-d5d8a26872d5,kind_of_functional_system
cbc4c9bc-a78e-5004-b393-0094947edf76,Kind_of_functional_system_that_is_Core_IP_Router._Note_this_is_subclass_of_class_of_ordinary_functional_object.
77b1f764-62e2-11ef-8000-bb3209de79c0,2024-08-25T13:03:48.205757251Z
69e73a0f-582f-5c5f-8308-5e0b1dd0649e,KindOfFunctionalSystem__Core_IP_Router
eb4b6189-6cf0-11ef-8000-bb3209de79c0,2024-09-07T08:12:26.731149789Z
8c4e2d0a-ae38-58e6-84a4-3563d3c484f4,202.202.202.1
eb91ef88-6cf0-11ef-8000-bb3209de79c0,2024-09-07T08:12:27.193536810Z
fee4bdd6-5947-5726-90a7-0de4632884f9,Participant_state_of_participant2_in_association_Connection_association_between_router1_and_router2_-_THIS_NAME_HAS_NO_MEANING
211a86c8-1ad2-5427-a41f-d22041d66ffc,Role_of_state_of_router_routing_functional_object_EndA_in_association_with_EndB.
77b4653d-62e2-11ef-8000-bb3209de79c0,2024-08-25T13:03:48.221676533Z
8ae9c844-e53c-5967-8de3-c13fc18546b5,RoleOfRouteEndAInRouterConnectionAssociation
ea873f6d-6cf0-11ef-8000-bb3209de79c0,2024-09-07T08:12:25.445770910Z
4d90d8e2-4829-5373-80ea-226738e65dd1,Router1_RoutingControlFunctionalObject_THIS_NAME_HAS_NO_MEANING
ead3c582-6cf0-11ef-8000-bb3209de79c0,2024-09-07T08:12:25.947277016Z
1de64b36-2c7b-5fe3-b4d2-638bede0c000,LineCardX_PortModuleComponent_Number_22_-_THIS_NAME_HAS_NO_MEANING
eb4d8e39-6cf0-11ef-8000-bb3209de79c0,2024-09-07T08:12:26.745400985Z
ea7d6659-6cf0-11ef-8000-bb3209de79c0,2024-09-07T08:12:25.381231306Z
b4cee380-665b-11f0-8000-bb3209de79c0,2025-07-21T17:54:11Z
1d68fe59-181a-5d90-b04c-832b02c9b90d,identification
77d1aebe-62e2-11ef-8000-bb3209de79c0,2024-08-25T13:03:48.413612667Z
2b67d543-82ec-53d2-81b4-eba820969b69,Representation_by_pattern_class_for_ipV4_Addresses_represented_by_the_ipV4_Address_Dotted_Decimal_Notation_pattern
77b9e94f-62e2-11ef-8000-bb3209de79c0,2024-08-25T13:03:48.257825510Z
988166d6-34cd-5c56-ad39-24c76f72980d,KindOfAssociation_Kind_of_representation_by_sign_class_for_Network_Interface_IPv4_Subnet_Mask
eb8770cf-6cf0-11ef-8000-bb3209de79c0,2024-09-07T08:12:27.124756769Z
5ae6da7e-14de-5f5b-b093-cc5c0610dca5,202.202.202.2_RepresentationBySign_-_THIS_NAME_HAS_NO_MEANING
eb69747e-6cf0-11ef-8000-bb3209de79c0,2024-09-07T08:12:26.928243095Z
9206d3db-4ae1-58e4-a2cd-159e7f832e0b,retail1_-_THIS_NAME_HAS_NO_MEANING
e29523ff-13ff-5704-9868-4d47526a556d,retail1
eb171958-6cf0-11ef-8000-bb3209de79c0,2024-09-07T08:12:26.388514455Z
95bf2749-ef83-5be8-b4ee-1643bf4db7dd,LineCardY_PortModuleComponent_Number_21_-_THIS_NAME_HAS_NO_MEANING
e07afcc4-447a-58b4-b0e5-6949419f0ec3,class_of_state_of_functional_object
8f84e45a-4aae-51df-b2e0-c6b60b221b4a,Class_of_state_of_router_routing_control_functional_object_that_typically_handles_control_plane_functions
77b3b5e6-62e2-11ef-8000-bb3209de79c0,2024-08-25T13:03:48.217187812Z
e5d99359-3f5c-533b-89b6-ae404016ad04,ClassOfStateOfFunctionalObject__Class_of_state_of_router_routing_control_functional_object
eb5513b6-6cf0-11ef-8000-bb3209de79c0,2024-09-07T08:12:26.794693437Z
46a0ca00-3921-11ed-8000-bb3209de79c0,2022-09-20T20:17:40Z
eb09ee20-6cf0-11ef-8000-bb3209de79c0,2024-09-07T08:12:26.302211236Z
d600adb8-9ee0-5d99-8c3f-bd0a73094f2c,LineCardY_PortModuleComponent_Number_12_-_THIS_NAME_HAS_NO_MEANING
ea88ce78-6cf0-11ef-8000-bb3209de79c0,2024-09-07T08:12:25.455986481Z
feb34480-fe9c-11f0-8000-bb3209de79c0,2026-01-31T12:04:29Z
94a67c11-7e60-5557-8a7c-3fb7883d3b9a,sign
eb826b54-6cf0-11ef-8000-bb3209de79c0,2024-09-07T08:12:27.091848431Z
dfd9b784-55eb-5a14-b5e2-7216e8ace07e,255.255.255.252_-_THIS_NAME_HAS_NO_MEANING
4acfe969-d12a-56ae-b8e3-55114ebcd3d1,255.255.255.252
eb21ba7c-6cf0-11ef-8000-bb3209de79c0,2024-09-07T08:12:26.458175645Z
e07b4849-03eb-54f2-b0d2-91a1df0f3d73,LineCardY_PortModuleComponent_Number_29_-_THIS_NAME_HAS_NO_MEANING
eb6f0982-6cf0-11ef-8000-bb3209de79c0,2024-09-07T08:12:26.964825838Z
e4c5725d-87d6-58dc-a4d6-b23806a477b0,retail2_RecognizingLanguageCommunity_-_THIS_NAME_HAS_NO_MEANING
eb55e247-6cf0-11ef-8000-bb3209de79c0,2024-09-07T08:12:26.799981533Z
6f9de1f9-0e92-58ef-bee2-4ad49225a899,Participant_state_of_participant1_in_association_Config1_Association_With_Router1_-_THIS_NAME_HAS_NO_MEANING
eada1143-6cf0-11ef-8000-bb3209de79c0,2024-09-07T08:12:25.988537920Z
b89ff65d-0af7-581c-b10d-f95fc3e07f95,LineCardX_PortModuleComponent_Number_26_-_THIS_NAME_HAS_NO_MEANING
eb45468a-6cf0-11ef-8000-bb3209de79c0,2024-09-07T08:12:26.691137055Z
43e0db25-6a60-54f1-ae6b-00031ff94b8b,https://www.cisco.com/en/US/docs/routers/access/800/850/software/configuration/guide/sampconf.html_-_THIS_NAME_HAS_NO_MEANING
c0f87fcd-9919-5da3-896e-df0623f2df17,Kind_of_system_component_whose_members_are_temporal_part_of_members_of_Router_Line_Card_System
77b25cb4-62e2-11ef-8000-bb3209de79c0,2024-08-25T13:03:48.208350878Z
2844c293-4fe7-51ad-8d83-09dcba7a6957,KindOfSystemComponent__Kind_of_Line_Card_System_Component
d88a5d55-9241-57a2-9dca-141a8db9b0bd,class_of_sign
64020387-eece-51b2-8225-0563ba4667a4,Class_of_sign_that_is_block_of_text_that_is_ASCII_(aka_US-ASCII)_character_string_according_to_American_Standards_Association_X3.2_subcommittee_publication_in_1986.
77b568da-62e2-11ef-8000-bb3209de79c0,2024-08-25T13:03:48.228322660Z
22ae428d-b383-52be-8d27-bd6eb3a62c90,ClassOfSign__ASCII_CharacterString
77b56fbd-62e2-11ef-8000-bb3209de79c0,2024-08-25T13:03:48.228498968Z
18efa468-2693-5750-961d-744e24022c93,RoleOfConfiguringFileInAssociation
eb00eb9a-6cf0-11ef-8000-bb3209de79c0,2024-09-07T08:12:26.243164239Z
c2d880b0-c4ca-5578-9f43-2581ea7e5b49,LineCardY_PortModuleComponent_Number_8_-_THIS_NAME_HAS_NO_MEANING
eb6d0be4-6cf0-11ef-8000-bb3209de79c0,2024-09-07T08:12:26.951779609Z
14004480-bc9b-11f0-8000-bb3209de79c0,2025-11-08T12:04:29Z
eb695dbe-6cf0-11ef-8000-bb3209de79c0,2024-09-07T08:12:26.927660663Z
5dee5e02-a11b-5cae-8398-39faeacb09f8,retail1_RepresentationBySign_-_THIS_NAME_HAS_NO_MEANING
eae3f1d7-6cf0-11ef-8000-bb3209de79c0,2024-09-07T08:12:26.053269535Z
8d9ad480-e997-11eb-8000-bb3209de79c0,2021-07-20T20:17:49Z
eb691db7-6cf0-11ef-8000-bb3209de79c0,2024-09-07T08:12:26.926021571Z
d910e8a7-b29a-5ed2-854b-f15ad5cfc2a1,retail1_RecognizingLanguageCommunity_-_THIS_NAME_HAS_NO_MEANING
eb285149-6cf0-11ef-8000-bb3209de79c0,2024-09-07T08:12:26.501357757Z
5e376a00-d649-11ed-8000-bb3209de79c0,2023-04-08T20:10:12Z
a445d29b-2ba7-5a46-8885-5a5d11680eba,point_in_time
eb63a508-6cf0-11ef-8000-bb3209de79c0,2024-09-07T08:12:26.890164069Z
17a68a00-467d-11ed-8000-bb3209de79c0,2022-10-07T20:17:40Z
6bf3f105-9764-51f5-96d3-e21be73b8822,class_of_state_of_functional_system
1712d5d2-54e7-5fc7-b250-aa98b595040a,Class_of_state_of_functional_system_that_is_temporal_part_of_Core_IP_Router
77b1fc0a-62e2-11ef-8000-bb3209de79c0,2024-08-25T13:03:48.205876257Z
0c260145-921d-5fc8-b72d-69cde2d06277,ClassOfStateOfFunctionalSystem__State_Of_Core_IP_Router
ead8ae14-6cf0-11ef-8000-bb3209de79c0,2024-09-07T08:12:25.979445212Z
b0a81a2d-39cb-55a0-8ca9-1ec327d29a9d,LineCardX_PortModuleComponent_Number_25_-_THIS_NAME_HAS_NO_MEANING
5f9589c3-555e-588b-9761-5b468ad3838d,functional_object
ea8cc28b-6cf0-11ef-8000-bb3209de79c0,2024-09-07T08:12:25.481895528Z
c1879cf1-2fb2-5a24-a95c-218232b53e15,Router2_RoutingControlFunctionalObject_THIS_NAME_HAS_NO_MEANING
c8fd011e-1c18-5fc9-93d9-08af2a6fd210,association
eb91f07e-6cf0-11ef-8000-bb3209de79c0,2024-09-07T08:12:27.193561411Z
0e5a9700-d4d8-5a5e-a658-888bcd23d289,Association_of_two_particiants_in_Connection_association_between_router1_and_router2_-_THIS_NAME_HAS_NO_MEANING
0ecae428-b7e0-5db5-a0aa-3e4c60540beb,Generic_role_of_kind_of_ipV4_subnet_mask_character_string_sign_recognizing_language_community_participant_in_representation_by_sign_association_representing_the_network_interface_assigned_the_participant_subnet_mask.
eb0c96ca-6cf0-11ef-8000-bb3209de79c0,2024-09-07T08:12:26.319636209Z
1d03e1ec-43a9-5187-b76f-6f9add1d12e4,LineCardY_PortModuleComponent_Number_14_-_THIS_NAME_HAS_NO_MEANING
eb05e8c5-6cf0-11ef-8000-bb3209de79c0,2024-09-07T08:12:26.275859765Z
06c99bfe-2825-500a-b29c-ed8993057cef,LineCardY_PortModuleComponent_Number_10_-_THIS_NAME_HAS_NO_MEANING
5efa2f5e-5f8b-5e1c-93c6-77327c916e5f,recognizing_language_community
eb80366a-6cf0-11ef-8000-bb3209de79c0,2024-09-07T08:12:27.077386624Z
791b8f82-bad5-5628-b256-a2341de2d347,202.202.202.1_RecognizingLanguageCommunity_-_THIS_NAME_HAS_NO_MEANING
85150212-a4ca-5b7f-93e5-befb0f9b7a58,socially_constructed_object
eb497cb4-6cf0-11ef-8000-bb3209de79c0,2024-09-07T08:12:26.718738096Z
f5dc30c0-5e3e-55d5-8a7d-9638ff1a4e51,interfaceHundredGigE0/5/0/1.2020_vrf_ipv4address202.202.202.1255.255.255.252_encapsulationdot1q2020!
eb2410e3-6cf0-11ef-8000-bb3209de79c0,2024-09-07T08:12:26.473494701Z
b20df521-1ea4-548e-8d4e-b151586897a6,LineCardY_PortModuleComponent_Number_31_-_THIS_NAME_HAS_NO_MEANING
c99d8861-1c48-5bde-96c3-c95dcb2419aa,representation_by_sign
eb6f0e2f-6cf0-11ef-8000-bb3209de79c0,2024-09-07T08:12:26.964945545Z
ea6b8b40-371c-5b91-bf1c-5996321061a6,retail2_RepresentationBySign_-_THIS_NAME_HAS_NO_MEANING
eade52c9-6cf0-11ef-8000-bb3209de79c0,2024-09-07T08:12:26.016429777Z
b7cf2575-a593-5824-b9ab-f8716fb83074,LineCardX_PortModuleComponent_Number_29_-_THIS_NAME_HAS_NO_MEANING
b4fcaeb4-3a4b-5e2c-94ac-d8a16a791196,Generic_role_of_Line_Card_Module_System_when_functioning_in_intended_activities.
77b1fe14-62e2-11ef-8000-bb3209de79c0,2024-08-25T13:03:48.205928459Z
ed036982-e854-5a7f-9c92-66bbd4fe48bd,RoleOfIPRouterLineCardSystem
eb5102c0-6cf0-11ef-8000-bb3209de79c0,2024-09-07T08:12:26.768044849Z
eff79e18-bc56-52da-be11-00e829493968,Participant_state_of_participant1_in_association_Config1_Association_With_Ref_-_THIS_NAME_HAS_NO_MEANING
eb0fc3e8-6cf0-11ef-8000-bb3209de79c0,2024-09-07T08:12:26.340452072Z
8ef0b042-5043-5a67-ba71-1d63ed236117,LineCardY_PortModuleComponent_Number_16_-_THIS_NAME_HAS_NO_MEANING
eac48ba5-6cf0-11ef-8000-bb3209de79c0,2024-09-07T08:12:25.847491743Z
cd6a102d-9181-58e6-9bdd-017accb10113,LineCardX_PortModuleComponent_Number_12_-_THIS_NAME_HAS_NO_MEANING
c1d1eb9e-2dcd-5bdd-a0d8-4c5170a8cf96,Generic_role_of_an_external_reference_in_association_with_the_physical_item_being_refrenced.
77b47d5a-62e2-11ef-8000-bb3209de79c0,2024-08-25T13:03:48.222293863Z
15e9d4fa-482e-5a86-8424-3ef9f5f9e4de,RoleOfExternalReferenceInAssociation
eb0e20cb-6cf0-11ef-8000-bb3209de79c0,2024-09-07T08:12:26.329722772Z
779888a3-d01c-54eb-8e23-438f3e093712,LineCardY_PortModuleComponent_Number_15_-_THIS_NAME_HAS_NO_MEANING
2a0cf3ec-3afd-5350-890e-974a5066c126,pattern
1fb11b66-8fb6-594c-9a41-b77941474e29,This_is_the_set_whose_elements_are_signs_that_all_conform_to_the_hostname_pattern_as_per_RFC1878_see_'https://datatracker.ietf.org/doc/html/rfc1878'_and_contextualised_in_'https://datatracker.ietf.org/doc/html/rfc4632'
77b8e3f9-62e2-11ef-8000-bb3209de79c0,2024-08-25T13:03:48.251135381Z
fb87c18a-ab54-54fd-a304-453da22d068b,Pattern_of_IPv4_Subnet_Mask_In_Dotted_Decimal_Notation
23f041c3-638d-574b-a4e5-a6b077194c2f,role
fb75a34d-6867-5278-b798-f53a304f773a,Generic_role_of_a_physical_object_in_association_with_the_refrence_to_it.
77b481c7-62e2-11ef-8000-bb3209de79c0,2024-08-25T13:03:48.222407169Z
b0ac8d9b-bc34-51e0-ab99-af5226663566,RoleOfReferencedItemInAssociationWithAReferenceToIt
c37bb10c-96d3-5039-9612-6cd415ce6a23,functional_system_component
eac7d045-6cf0-11ef-8000-bb3209de79c0,2024-09-07T08:12:25.868909339Z
e082e298-1beb-50b1-92fd-0a1f26252198,LineCardX_PortModuleComponent_Number_14_-_THIS_NAME_HAS_NO_MEANING
05d060c1-56c3-5b67-91d7-17d14081dccc,kind_of_functional_system_component
7641a27d-fed1-52b0-a16c-6bf3dc2e24c9,Kind_of_system_component_whose_members_are_temporal_part_of_members_of_Router_Line_Card_Port_Module_System
77b2db5b-62e2-11ef-8000-bb3209de79c0,2024-08-25T13:03:48.211593138Z
74029909-7c2c-5d97-a69f-db14e4d4981b,KindOfSystemComponent__Kind_of_Line_Card_Port_Module_System_Component
a38a618d-86f2-52ee-abf2-03feefe10c7d,participant
eb91eca4-6cf0-11ef-8000-bb3209de79c0,2024-09-07T08:12:27.193462806Z
43da926b-ea4d-5f18-8fd0-0f6edc0c4628,Participant_state_of_participant1_in_association_Connection_association_between_router1_and_router2_-_THIS_NAME_HAS_NO_MEANING
6026404d-fddf-55c3-be51-306a6b510a6a,kind_of_association
89cdb7fc-d832-5f77-bc30-6207b45a7c77,Kind_of_association_between_two_states_of_router_routing_functional_objects_RouteParticipantEndA_PhysicalConnectionFunctionalSystem_and_RouteParticipantEndB.
77b46ea0-62e2-11ef-8000-bb3209de79c0,2024-08-25T13:03:48.221916845Z
da334c89-29ad-56a6-852b-1ab5940f21f6,HqdmNetworksProject_User1
23964ee5-745d-593e-9b50-756dbfdda624,KindOfAssociation__BetweenTwoRoutersAndThePhysicalConnectionSystemBetweenTheRouters
